record_id,adults_in_household,children_in_household,household_has_65plus,monthly_household_income,income_sources,employment_status,has_housing_voucher,eviction_in_progress,behind_on_utilities,main_reason_behind_on_rent,intake_quarter,monthly_rent,past_due_rent
SLCM_0001,1,1,No,293.0,"Food benefits - TANF/SNAP, No income, Other",Unemployed but want to find work,No,I don't know,Yes,Other,2026-Q1,1560.0,3100
SLCM_0002,0,3,No,2000.0,Child support,Employed,No,I don't know,Yes,Unexpected expense,2026-Q3,1550.0,7300
SLCM_0003,1,0,No,400.0,Food benefits - TANF/SNAP,Unemployed but want to find work,I don't know,Yes,Yes,Lost a job/had hours cut,2025-Q4,0.0,6000
SLCM_0004,2,0,No,2500.0,Full-time employment,Unemployed and not looking for work,No,Yes,Yes,Lost a job/had hours cut,2026-Q2,1299.0,2500
SLCM_0005,1,2,No,14.0,Part-time employment,Employed,No,Yes,No,Unexpected expense,2025-Q4,1105.5,1205.5
SLCM_0006,1,0,No,0.0,No income,Unemployed but want to find work,No,Yes,Yes,Rent increase,2025-Q4,1464.0,1464
SLCM_0007,1,3,No,2500.0,"Child support, Food benefits - TANF/SNAP",Other,No,Yes,Yes,Other,2025-Q1,0.0,0
SLCM_0008,0,0,No,0.0,"Food benefits - TANF/SNAP, No income",Unemployed but want to find work,No,I don't know,No,Other,2025-Q3,550.0,550
SLCM_0009,4,1,Yes,,"Part-time employment, Veterans benefits, Social Security - SSI/SSDI, Food benefits - TANF/SNAP, No income",Other,No,Yes,No,Other,2026-Q3,400.0,0
SLCM_0010,2,1,No,957.0,Social Security - SSI/SSDI,Unemployed and not looking for work,No,Yes,No,Other,2026-Q1,900.0,1880
SLCM_0011,1,0,No,800.0,Part-time employment,"Employed, but need more hours and/or different work",No,Yes,No,Lost a job/had hours cut,2025-Q2,995.0,3012
SLCM_0012,0,2,No,0.0,"Food benefits - TANF/SNAP, No income",Unemployed but want to find work,No,Yes,No,Lost a job/had hours cut,2025-Q4,1125.0,2550
SLCM_0013,2,1,No,2500.0,"Full-time employment, Social Security - SSI/SSDI, Food benefits - TANF/SNAP",Employed,No,Yes,No,Unexpected expense,2025-Q4,1350.0,6000
SLCM_0014,1,2,No,399.0,Other,"Employed, but need more hours and/or different work",I don't know,I don't know,I don't know,Lost a job/had hours cut,2026-Q3,1070.0,770
SLCM_0015,1,1,No,0.0,No income,Unemployed but want to find work,No,Yes,No,Lost a job/had hours cut,2026-Q2,850.0,1700
SLCM_0016,1,0,No,2000.0,Full-time employment,Employed,No,Yes,No,Unexpected expense,2025-Q2,977.0,2054
SLCM_0017,2,2,No,350.0,"Food benefits - TANF/SNAP, Other",Unemployed but want to find work,Yes,Yes,No,Unexpected expense,2026-Q3,1900.0,1000
SLCM_0018,1,1,No,994.0,"Spousal support (Alimony), Social Security - SSI/SSDI",Unemployed but want to find work,Yes,Yes,No,Have to pay other debt,2026-Q3,53.0,570
SLCM_0019,2,3,No,10000.0,Full-time employment,Employed,No,I don't know,No,Other,2026-Q1,2850.0,3180
SLCM_0020,2,0,No,0.0,No income,Unemployed but want to find work,No,I don't know,No,Lost a job/had hours cut,2026-Q1,1040.0,1040
SLCM_0021,2,3,No,1200.0,"Full-time employment, No income",Unemployed but want to find work,No,Yes,Yes,Withheld rent because of problems with my housing,2025-Q3,1050.0,4050
SLCM_0022,0,0,No,1081.0,Social Security - SSI/SSDI,Other,No,Yes,Yes,Other,2026-Q1,800.0,1600
SLCM_0023,2,0,No,2500.0,Full-time employment,Employed,No,Yes,No,Other,2025-Q2,765.0,1400
SLCM_0024,1,1,No,2000.0,Full-time employment,Employed,No,Yes,No,Unexpected expense,2026-Q1,950.0,20000
SLCM_0025,2,2,No,600.0,"Part-time employment, No income",Other,No,Yes,Yes,Lost a job/had hours cut,2026-Q3,730.0,1600
SLCM_0026,2,2,No,1000.0,Part-time employment,"Employed, but need more hours and/or different work",No,Yes,Yes,Lost a job/had hours cut,2026-Q2,3743.94,2300.5
SLCM_0027,1,0,No,844.0,Social Security - SSI/SSDI,Unemployed but want to find work,No,I don't know,Yes,Unexpected expense,2024-Q4,800.0,2400
SLCM_0028,1,0,No,1436.0,Social Security - SSI/SSDI,Unemployed and not looking for work,No,Yes,Yes,Other,2024-Q4,1075.0,1200
SLCM_0029,1,0,Yes,1440.0,Food benefits - TANF/SNAP,Unemployed and not looking for work,Yes,I don't know,Yes,Rent increase,2026-Q1,650.0,616.57
SLCM_0030,1,0,No,1300.0,Part-time employment,"Employed, but need more hours and/or different work",No,Yes,No,Lost a job/had hours cut,2025-Q1,1187.0,4615.9
SLCM_0031,1,2,No,0.0,Social Security - SSI/SSDI,Unemployed but want to find work,No,I don't know,No,Other,2026-Q3,1129.0,2000
SLCM_0032,2,5,No,0.0,"Food benefits - TANF/SNAP, No income",Unemployed but want to find work,Yes,Yes,Yes,Withheld rent because of problems with my housing,2024-Q4,1335.0,1335
SLCM_0033,1,2,No,1400.0,"Full-time employment, Food benefits - TANF/SNAP","Employed, but need more hours and/or different work",No,Yes,Yes,Unexpected expense,2025-Q4,1100.0,3300
SLCM_0034,1,2,No,941.0,"Social Security - SSI/SSDI, Food benefits - TANF/SNAP, No income",Unemployed but want to find work,No,Yes,Yes,Lost a job/had hours cut,2025-Q1,900.0,3200
SLCM_0035,1,0,No,1250.0,Food benefits - TANF/SNAP,Unemployed and not looking for work,Yes,Yes,Yes,Change to public benefits,2025-Q1,900.0,900
SLCM_0036,2,1,No,0.0,No income,Unemployed but want to find work,No,Yes,Yes,Lost a job/had hours cut,2025-Q2,1153.0,4200
SLCM_0037,1,4,No,534.0,"Social Security - SSI/SSDI, Food benefits - TANF/SNAP, Other",Unemployed but want to find work,No,I don't know,Yes,Other,2026-Q1,950.0,975
SLCM_0038,1,1,No,1500.0,Full-time employment,"Employed, but need more hours and/or different work",No,Yes,Yes,Withheld rent because of problems with my housing,2025-Q4,750.0,1500
SLCM_0039,1,0,No,0.0,No income,Unemployed but want to find work,No,I don't know,Yes,Lost a job/had hours cut,2026-Q3,700.0,700
SLCM_0040,3,0,Yes,3500.0,"Full-time employment, Social Security - SSI/SSDI, Pension",Other,No,Yes,No,Other,2025-Q2,1200.0,0
SLCM_0041,2,1,No,1200.0,"Social Security - SSI/SSDI, Food benefits - TANF/SNAP, No income",Unemployed but want to find work,Yes,Yes,No,,2026-Q1,0.0,0
SLCM_0042,1,1,No,0.0,"Food benefits - TANF/SNAP, No income",Other,No,Yes,Yes,Lost a job/had hours cut,2025-Q3,1060.0,5900
SLCM_0043,2,0,No,100.0,Part-time employment,Unemployed but want to find work,No,Yes,No,Lost a job/had hours cut,2026-Q1,1095.0,20000
SLCM_0044,4,2,No,500.0,"Part-time employment, No income",Unemployed but want to find work,No,I don't know,Yes,Lost a job/had hours cut,2025-Q4,1195.0,2710
SLCM_0045,1,0,No,400.0,Full-time employment,"Employed, but need more hours and/or different work",No,Yes,Yes,Lost a job/had hours cut,2025-Q3,1400.0,4200
SLCM_0046,0,0,No,967.0,Social Security - SSI/SSDI,Other,No,Yes,No,Unexpected expense,2025-Q4,850.0,1447
SLCM_0047,1,1,No,960.0,"Part-time employment, Food benefits - TANF/SNAP",Other,No,Yes,Yes,Other,2025-Q3,950.0,0
SLCM_0048,1,6,No,1200.0,"Child support, Social Security - SSI/SSDI, Food benefits - TANF/SNAP",Unemployed but want to find work,No,Yes,No,Withheld rent because of problems with my housing,2025-Q3,1300.0,2700
SLCM_0049,1,1,No,1800.0,"Full-time employment, Food benefits - TANF/SNAP",Employed,No,Yes,No,Unexpected expense,2025-Q4,1150.0,6500
SLCM_0050,4,0,Yes,1500.0,Part-time employment,"Employed, but need more hours and/or different work",No,Yes,Yes,Withheld rent because of problems with my housing,2025-Q3,1125.0,2500
SLCM_0051,2,0,No,250.0,No income,Unemployed and not looking for work,No,I don't know,Yes,Other,2025-Q2,825.0,2720
SLCM_0052,0,1,No,0.0,"Food benefits - TANF/SNAP, No income",Unemployed but want to find work,No,I don't know,Yes,Lost a job/had hours cut,2025-Q2,800.0,50
SLCM_0053,2,0,No,,"Full-time employment, Other",Employed,No,I don't know,No,Lost a job/had hours cut,2025-Q2,1535.0,1571.96
SLCM_0054,2,0,No,,No income,Unemployed but want to find work,No,Yes,No,Lost a job/had hours cut,2024-Q4,1369.0,5218.19
SLCM_0055,1,0,No,1200.0,Part-time employment,"Employed, but need more hours and/or different work",No,Yes,I don't know,Other,2026-Q3,715.0,3000
SLCM_0056,1,1,No,0.0,No income,Unemployed but want to find work,No,I don't know,Yes,Lost a job/had hours cut,2026-Q3,1200.0,1275
SLCM_0057,1,0,Yes,742.0,Social Security - SSI/SSDI,Unemployed and not looking for work,No,Yes,No,Other,2026-Q1,266.0,462
SLCM_0058,0,4,No,1300.0,Full-time employment,"Employed, but need more hours and/or different work",No,Yes,No,Other,2025-Q4,1154.0,1204
SLCM_0059,2,1,No,850.0,Food benefits - TANF/SNAP,Unemployed but want to find work,No,Yes,No,Lost a job/had hours cut,2026-Q3,895.0,1892
SLCM_0060,2,3,No,2300.0,Full-time employment,Employed,No,Yes,No,Rent increase,2025-Q3,875.0,875
SLCM_0061,1,0,No,1240.0,Social Security - SSI/SSDI,Other,No,I don't know,Yes,Unexpected expense,2025-Q3,1014.0,1014
SLCM_0062,1,1,No,1500.0,Part-time employment,"Employed, but need more hours and/or different work",No,Yes,Yes,Lost a job/had hours cut,2025-Q1,800.0,4800
SLCM_0063,3,1,No,2600.0,Full-time employment,Employed,No,Yes,Yes,Have to pay other debt,2025-Q3,1200.0,2400
SLCM_0064,2,0,No,750.0,Other,Unemployed but want to find work,No,Yes,No,Withheld rent because of problems with my housing,2026-Q3,750.0,4000
SLCM_0065,2,1,No,0.0,"Part-time employment, No income",Unemployed but want to find work,No,Yes,Yes,Lost a job/had hours cut,2025-Q2,900.0,1800
SLCM_0066,1,0,No,0.0,No income,Unemployed but want to find work,No,Yes,Yes,Lost a job/had hours cut,2024-Q4,687.0,1014
SLCM_0067,2,4,No,1100.0,Part-time employment,Employed,Yes,I don't know,Yes,Lost a job/had hours cut,2026-Q3,280.0,840
SLCM_0068,3,0,No,3000.0,"Full-time employment, Social Security - SSI/SSDI, No income",Other,No,I don't know,Yes,Lost a job/had hours cut,2026-Q2,1100.0,2700
SLCM_0069,1,0,No,2400.0,Full-time employment,Employed,No,Yes,No,Lost a job/had hours cut,2025-Q2,1300.0,2800
SLCM_0070,3,2,No,0.0,Food benefits - TANF/SNAP,Unemployed but want to find work,No,Yes,Yes,Lost a job/had hours cut,2026-Q1,1400.0,1650
SLCM_0071,1,1,No,0.0,No income,Unemployed but want to find work,No,I don't know,Yes,Lost a job/had hours cut,2026-Q3,1195.0,1195
SLCM_0072,2,0,No,,"Food benefits - TANF/SNAP, No income",Unemployed but want to find work,No,I don't know,Yes,Lost a job/had hours cut,2025-Q2,944.0,944
SLCM_0073,3,0,No,3600.0,Full-time employment,Employed,No,Yes,No,Lost a job/had hours cut,2025-Q3,1340.0,5560
SLCM_0074,3,0,No,0.0,No income,Unemployed but want to find work,No,I don't know,Yes,Lost a job/had hours cut,2025-Q2,1300.0,650
SLCM_0075,1,0,No,2850.0,Part-time employment,"Employed, but need more hours and/or different work",No,I don't know,Yes,Lost a job/had hours cut,2025-Q2,1243.0,2813
SLCM_0076,0,1,No,1000.0,"Part-time employment, No income","Employed, but need more hours and/or different work",No,Yes,No,Lost a job/had hours cut,2026-Q3,1150.0,3200
SLCM_0077,1,0,No,0.0,"Food benefits - TANF/SNAP, No income",Unemployed but want to find work,No,I don't know,Yes,Lost a job/had hours cut,2026-Q1,1100.0,1100
SLCM_0078,1,1,No,,No income,Unemployed but want to find work,No,Yes,Yes,Lost a job/had hours cut,2025-Q1,1250.0,4000
SLCM_0079,1,3,No,900.0,"Child support, No income",Other,No,Yes,No,Have to pay other debt,2025-Q4,3300.0,4200
SLCM_0080,2,2,No,0.0,"Food benefits - TANF/SNAP, No income",Unemployed but want to find work,No,I don't know,Yes,Lost a job/had hours cut,2025-Q3,1020.0,2500
SLCM_0081,0,0,No,0.0,No income,Unemployed but want to find work,No,Yes,No,Lost a job/had hours cut,2025-Q2,14.0,1031
SLCM_0082,2,1,No,0.0,No income,Unemployed but want to find work,Yes,I don't know,Yes,Lost a job/had hours cut,2026-Q3,50.0,100
SLCM_0083,1,2,No,6500.0,Full-time employment,Employed,No,Yes,No,Lost a job/had hours cut,2025-Q4,1050.0,2500
SLCM_0084,2,3,Yes,0.0,No income,Employed,Yes,I don't know,No,Withheld rent because of problems with my housing,2025-Q1,10.0,250
SLCM_0085,2,0,No,1400.0,"Social Security - SSI/SSDI, Other",Other,Yes,Yes,No,Unexpected expense,2025-Q3,710.0,5000
SLCM_0086,1,0,No,2600.0,Full-time employment,Employed,I don't know,Yes,Yes,Other,2026-Q2,400.0,725
SLCM_0087,1,1,No,2200.0,Full-time employment,Employed,No,Yes,No,Lost a job/had hours cut,2025-Q1,764.0,6678
SLCM_0088,2,2,No,2000.0,"Child support, Unemployment benefits",Unemployed but want to find work,No,Yes,Yes,Lost a job/had hours cut,2025-Q2,1450.0,5000
SLCM_0089,1,5,No,995.0,"Social Security - SSI/SSDI, Food benefits - TANF/SNAP",Unemployed but want to find work,No,I don't know,Yes,Unexpected expense,2026-Q3,1500.0,3500
SLCM_0090,2,3,No,5000.0,"Full-time employment, Part-time employment","Employed, but need more hours and/or different work",No,I don't know,I don't know,Lost a job/had hours cut,2025-Q4,1750.0,1885
SLCM_0091,1,1,No,0.0,No income,Unemployed but want to find work,No,Yes,Yes,Other,2026-Q2,700.0,1500
SLCM_0092,2,1,No,2200.0,Full-time employment,Employed,No,Yes,No,Have to pay other debt,2026-Q1,1200.0,3000
SLCM_0093,1,1,No,3300.0,Full-time employment,Employed,No,Yes,No,Lost a job/had hours cut,2025-Q2,1045.0,1195
SLCM_0094,0,0,No,860.0,Part-time employment,Employed,No,Yes,No,Lost a job/had hours cut,2025-Q4,700.0,3100
SLCM_0095,1,0,No,1800.0,Unemployment benefits,Unemployed but want to find work,No,Yes,No,Other,2025-Q3,800.0,0
SLCM_0096,1,1,No,486.0,"Child support, Food benefits - TANF/SNAP",Unemployed but want to find work,No,Yes,Yes,Other,2025-Q4,850.0,2300
SLCM_0097,2,0,No,2960.0,Full-time employment,Employed,No,Yes,Yes,Lost a job/had hours cut,2025-Q2,1912.0,3824
SLCM_0098,2,0,No,298.0,Food benefits - TANF/SNAP,Other,No,I don't know,No,Other,2025-Q4,1000.0,340
SLCM_0099,1,1,No,1700.0,"Social Security - SSI/SSDI, Food benefits - TANF/SNAP",Other,No,Yes,Yes,Lost a job/had hours cut,2025-Q3,950.0,1045
SLCM_0100,3,2,No,450.0,"Food benefits - TANF/SNAP, No income",Unemployed but want to find work,Yes,Yes,Yes,Withheld rent because of problems with my housing,2025-Q2,1250.0,3500
SLCM_0101,1,0,No,3000.0,"No income, Other",Other,No,Yes,No,Lost a job/had hours cut,2025-Q4,1009.0,3200
SLCM_0102,1,0,No,2000.0,Full-time employment,"Employed, but need more hours and/or different work",No,Yes,No,Rent increase,2025-Q1,1300.0,1000
SLCM_0103,1,0,No,2500.0,Full-time employment,Employed,No,Yes,I don't know,Unexpected expense,2026-Q1,1400.0,2000
SLCM_0104,0,1,No,1200.0,Full-time employment,Employed,No,Yes,Yes,Withheld rent because of problems with my housing,2025-Q3,1400.0,2800
SLCM_0105,1,0,No,0.0,No income,Unemployed and not looking for work,No,Yes,I don't know,Other,2026-Q2,1018.0,6000
SLCM_0106,1,0,No,2500.0,Full-time employment,Employed,No,Yes,No,Other,2025-Q1,950.0,500
SLCM_0107,1,0,No,2300.0,Part-time employment,Employed,No,Yes,No,Unexpected expense,2025-Q1,1009.0,3500
SLCM_0108,2,2,No,2500.0,"Full-time employment, Child support, Food benefits - TANF/SNAP",Employed,No,I don't know,No,Other,2026-Q3,1200.0,5000
SLCM_0109,2,1,No,0.0,"Food benefits - TANF/SNAP, No income",Other,No,I don't know,Yes,Other,2026-Q2,1600.0,0
SLCM_0110,1,2,No,2200.0,"Full-time employment, Food benefits - TANF/SNAP","Employed, but need more hours and/or different work",Yes,Yes,No,Lost a job/had hours cut,2025-Q3,397.0,1221
SLCM_0111,1,1,No,1600.0,"Full-time employment, Part-time employment","Employed, but need more hours and/or different work",No,Yes,No,Lost a job/had hours cut,2024-Q4,1350.0,3200
SLCM_0112,1,2,No,2200.0,Full-time employment,Employed,No,I don't know,Yes,Have to pay other debt,2024-Q4,1150.0,1550
SLCM_0113,1,0,No,943.0,"Social Security - SSI/SSDI, Food benefits - TANF/SNAP",Other,No,I don't know,Yes,Lost a job/had hours cut,2024-Q4,825.0,1700
SLCM_0114,0,0,No,900.0,Part-time employment,Employed,No,I don't know,No,Withheld rent because of problems with my housing,2025-Q4,900.0,700
SLCM_0115,1,3,No,3600.0,"Full-time employment, Food benefits - TANF/SNAP",Employed,No,Yes,No,Lost a job/had hours cut,2024-Q4,825.0,4000
SLCM_0116,1,2,No,,Food benefits - TANF/SNAP,Unemployed but want to find work,No,Yes,Yes,Have to pay other debt,2025-Q2,130.0,500
SLCM_0117,1,2,No,3400.0,"Social Security - SSI/SSDI, Food benefits - TANF/SNAP, Pension",Other,No,Yes,Yes,Have to pay other debt,2025-Q4,1650.0,3800
SLCM_0118,0,0,Yes,,"Social Security - SSI/SSDI, Food benefits - TANF/SNAP, No income",Other,Yes,I don't know,Yes,Other,2026-Q1,459.0,863
SLCM_0119,3,2,No,2000.0,"Part-time employment, Food benefits - TANF/SNAP","Employed, but need more hours and/or different work",No,I don't know,No,Unexpected expense,2025-Q2,1600.0,1600
SLCM_0120,2,1,No,3000.0,"Part-time employment, Food benefits - TANF/SNAP","Employed, but need more hours and/or different work",No,Yes,No,Lost a job/had hours cut,2025-Q1,1093.0,2486
SLCM_0121,2,3,No,450.0,"Food benefits - TANF/SNAP, Other",Other,Yes,I don't know,Yes,Unexpected expense,2025-Q2,1225.0,2324.63
SLCM_0122,3,1,No,,Part-time employment,"Employed, but need more hours and/or different work",No,Yes,No,Lost a job/had hours cut,2025-Q2,1725.0,200
SLCM_0123,3,2,No,1040.0,"Child support, Social Security - SSI/SSDI, Food benefits - TANF/SNAP",Unemployed but want to find work,No,Yes,No,Lost a job/had hours cut,2025-Q3,1050.0,3000
SLCM_0124,1,0,No,0.0,"Food benefits - TANF/SNAP, No income",Unemployed but want to find work,No,Yes,I don't know,Withheld rent because of problems with my housing,2025-Q1,800.0,800
SLCM_0125,2,1,No,50.0,"Veterans benefits, No income",Unemployed but want to find work,No,Yes,No,Lost a job/had hours cut,2026-Q2,758.0,858
SLCM_0126,1,1,No,1000.0,"Part-time employment, Food benefits - TANF/SNAP",Employed,No,Yes,Yes,Other,2025-Q1,2.0,1600
SLCM_0127,1,1,No,0.0,"Food benefits - TANF/SNAP, No income",Unemployed but want to find work,No,I don't know,I don't know,Lost a job/had hours cut,2026-Q1,900.0,500
SLCM_0128,2,2,No,0.0,No income,Unemployed but want to find work,No,Yes,No,Withheld rent because of problems with my housing,2025-Q4,380.0,930
SLCM_0129,1,1,No,0.0,No income,Unemployed but want to find work,No,Yes,No,Lost a job/had hours cut,2026-Q3,1029.0,3090
SLCM_0130,1,0,No,848.7,"Social Security - SSI/SSDI, Food benefits - TANF/SNAP",Unemployed and not looking for work,No,Yes,No,Unexpected expense,2025-Q1,580.0,580
SLCM_0131,1,2,No,2000.0,"Part-time employment, Social Security - SSI/SSDI",Employed,No,I don't know,Yes,Other,2026-Q1,550.0,0
SLCM_0132,1,1,No,0.0,No income,Unemployed but want to find work,No,Yes,No,Withheld rent because of problems with my housing,2024-Q4,56.0,700
SLCM_0133,1,4,No,942.0,Social Security - SSI/SSDI,Unemployed but want to find work,Yes,Yes,No,Unexpected expense,2025-Q1,1138.0,1683
SLCM_0134,1,2,No,0.0,"Food benefits - TANF/SNAP, No income, Other",Unemployed but want to find work,No,Yes,No,Withheld rent because of problems with my housing,2025-Q3,1200.0,2476
SLCM_0135,1,0,No,400.0,"Food benefits - TANF/SNAP, Other",Unemployed but want to find work,No,Yes,No,Rent increase,2025-Q4,206.0,1442
SLCM_0136,1,1,No,700.0,"Food benefits - TANF/SNAP, Other",Unemployed but want to find work,No,Yes,No,Other,2026-Q1,925.0,1895
SLCM_0137,1,0,No,1400.0,Social Security - SSI/SSDI,Unemployed and not looking for work,No,Yes,Yes,Withheld rent because of problems with my housing,2026-Q2,1020.0,5000
SLCM_0138,1,2,No,1000.0,Part-time employment,"Employed, but need more hours and/or different work",No,Yes,Yes,Lost a job/had hours cut,2026-Q3,996.0,646
SLCM_0139,4,2,Yes,5400.0,"Full-time employment, Part-time employment, Social Security - SSI/SSDI",Other,No,Yes,,Other,2025-Q2,1500.0,6000
SLCM_0140,2,1,No,3240.0,Full-time employment,Employed,No,Yes,Yes,Lost a job/had hours cut,2026-Q2,920.0,1145.74
SLCM_0141,1,1,No,1800.0,Social Security - SSI/SSDI,Unemployed and not looking for work,No,Yes,Yes,Unexpected expense,2025-Q3,1800.0,1300
SLCM_0142,1,2,No,1500.0,No income,Unemployed but want to find work,No,I don't know,No,Lost a job/had hours cut,2026-Q2,925.0,925
SLCM_0143,0,0,No,2700.0,Full-time employment,Employed,No,Yes,Yes,Unexpected expense,2025-Q3,750.0,2200
SLCM_0144,2,1,No,0.0,No income,Unemployed but want to find work,No,I don't know,I don't know,Lost a job/had hours cut,2026-Q3,1200.0,2
SLCM_0145,2,1,No,1966.0,Social Security - SSI/SSDI,Unemployed but want to find work,No,Yes,Yes,Unexpected expense,2025-Q4,840.0,890
SLCM_0146,1,0,No,0.0,No income,Unemployed but want to find work,No,Yes,No,Withheld rent because of problems with my housing,2025-Q2,800.0,2400
SLCM_0147,1,0,No,,Full-time employment,Employed,No,Yes,I don't know,Unexpected expense,2025-Q3,650.0,699
SLCM_0148,1,2,No,50.0,Child support,Unemployed but want to find work,No,I don't know,Yes,Lost a job/had hours cut,2026-Q1,600.0,2474
SLCM_0149,1,3,No,2600.0,Full-time employment,Employed,No,I don't know,Yes,Lost a job/had hours cut,2026-Q1,1400.0,1400
SLCM_0150,0,0,No,1321.49,"Full-time employment, Child support, Food benefits - TANF/SNAP",Employed,No,Yes,Yes,Lost a job/had hours cut,2025-Q2,525.0,2110
SLCM_0151,1,0,No,3000.0,Full-time employment,Unemployed but want to find work,No,Yes,No,Other,2024-Q4,1600.0,4800
SLCM_0152,2,0,No,,"Full-time employment, Food benefits - TANF/SNAP",Unemployed but want to find work,I don't know,I don't know,No,Lost a job/had hours cut,2025-Q4,675.0,3000
SLCM_0153,0,0,No,1100.0,Part-time employment,Other,Yes,I don't know,No,Other,2025-Q2,864.0,3720
SLCM_0154,1,0,No,2800.0,Full-time employment,Employed,No,I don't know,Yes,Unexpected expense,2025-Q3,1550.0,1050
SLCM_0155,1,0,No,0.0,"Food benefits - TANF/SNAP, No income",Unemployed but want to find work,No,I don't know,Yes,Lost a job/had hours cut,2025-Q4,600.0,1200
SLCM_0156,2,0,No,0.0,No income,Unemployed but want to find work,No,I don't know,No,Unexpected expense,2026-Q1,227.0,900
SLCM_0157,0,0,No,1500.0,Part-time employment,"Employed, but need more hours and/or different work",No,Yes,No,Other,2025-Q4,1149.0,1149
SLCM_0158,1,0,No,,Full-time employment,Employed,No,Yes,Yes,Unexpected expense,2026-Q1,1550.0,6331
SLCM_0159,3,3,No,2100.0,Other,Other,No,Yes,No,Other,2026-Q3,1200.0,1200
SLCM_0160,1,1,No,0.0,No income,Unemployed but want to find work,No,Yes,No,Lost a job/had hours cut,2025-Q3,939.0,1938.1
SLCM_0161,3,1,No,,"Social Security - SSI/SSDI, No income",Other,No,Yes,No,Other,2026-Q2,1000.0,2200
SLCM_0162,1,3,No,3400.0,"Full-time employment, Food benefits - TANF/SNAP",Employed,No,I don't know,No,Lost a job/had hours cut,2025-Q4,400.0,6000
SLCM_0163,1,0,No,1500.0,Part-time employment,"Employed, but need more hours and/or different work",No,Yes,No,Lost a job/had hours cut,2026-Q3,875.0,3050
SLCM_0164,2,1,No,3500.0,"Full-time employment, No income",Employed,No,Yes,Yes,Lost a job/had hours cut,2026-Q2,1754.0,5806.28
SLCM_0165,1,1,No,2300.0,Social Security - SSI/SSDI,"Employed, but need more hours and/or different work",No,Yes,Yes,Have to pay other debt,2026-Q1,1096.0,6000
SLCM_0166,2,2,No,2500.0,"Full-time employment, Part-time employment, Food benefits - TANF/SNAP",Employed,No,Yes,Yes,Other,2026-Q2,1100.0,3000
SLCM_0167,1,0,No,0.0,No income,"Employed, but need more hours and/or different work",No,Yes,No,Lost a job/had hours cut,2025-Q3,975.0,1850
SLCM_0168,1,0,No,1500.0,"Food benefits - TANF/SNAP, No income",Unemployed but want to find work,No,Yes,Yes,Lost a job/had hours cut,2025-Q4,550.0,700
SLCM_0169,0,0,No,350.0,Part-time employment,Employed,No,Yes,No,Lost a job/had hours cut,2026-Q1,950.0,3000
SLCM_0170,1,2,No,2000.0,"Part-time employment, Food benefits - TANF/SNAP","Employed, but need more hours and/or different work",No,Yes,No,Other,2025-Q3,950.0,1900
SLCM_0171,1,0,No,996.0,"Social Security - SSI/SSDI, Food benefits - TANF/SNAP",Other,No,I don't know,No,Other,2026-Q2,221.0,2500
SLCM_0172,1,0,No,997.0,"Social Security - SSI/SSDI, Food benefits - TANF/SNAP",Unemployed but want to find work,Yes,I don't know,No,Unexpected expense,2026-Q2,975.0,1200
SLCM_0173,2,1,Yes,3900.0,Full-time employment,Employed,No,Yes,No,Have to pay other debt,2026-Q2,1395.0,38
SLCM_0174,2,3,No,800.0,Part-time employment,"Employed, but need more hours and/or different work",No,I don't know,Yes,Unexpected expense,2026-Q2,800.0,1600
SLCM_0175,2,2,No,1045.0,"Social Security - SSI/SSDI, Food benefits - TANF/SNAP",Other,No,Yes,Yes,Lost a job/had hours cut,2026-Q2,1286.0,3268
SLCM_0176,0,0,No,1000.0,Full-time employment,Unemployed but want to find work,No,I don't know,Yes,Lost a job/had hours cut,2024-Q4,650.0,780
SLCM_0177,1,0,No,941.0,Social Security - SSI/SSDI,Unemployed and not looking for work,Yes,I don't know,Yes,Have to pay other debt,2024-Q4,135.0,540
SLCM_0178,1,2,No,900.0,"Part-time employment, Food benefits - TANF/SNAP","Employed, but need more hours and/or different work",No,I don't know,Yes,Lost a job/had hours cut,2026-Q2,1013.0,893
SLCM_0179,1,1,No,0.0,Part-time employment,Employed,Yes,Yes,No,Withheld rent because of problems with my housing,2024-Q4,114.0,1350
SLCM_0180,0,0,No,1800.0,Part-time employment,"Employed, but need more hours and/or different work",No,Yes,Yes,Lost a job/had hours cut,2025-Q1,1500.0,6200
SLCM_0181,1,3,No,0.0,No income,Unemployed but want to find work,No,Yes,No,Change to public benefits,2026-Q2,112.0,336
SLCM_0182,1,3,No,1576.0,"Social Security - SSI/SSDI, Food benefits - TANF/SNAP",Unemployed and not looking for work,I don't know,Yes,No,Change to public benefits,2025-Q2,437.0,437
SLCM_0183,1,3,No,1500.0,Part-time employment,Employed,No,Yes,I don't know,Lost a job/had hours cut,2026-Q3,1150.0,1225
SLCM_0184,1,0,No,1150.0,"Social Security - SSI/SSDI, Food benefits - TANF/SNAP",Other,Yes,Yes,Yes,Change to public benefits,2025-Q1,900.0,900
SLCM_0185,2,2,No,2300.0,"Full-time employment, Food benefits - TANF/SNAP","Employed, but need more hours and/or different work",No,Yes,Yes,Lost a job/had hours cut,2025-Q2,950.0,5700
SLCM_0186,1,3,No,2500.0,"Full-time employment, Food benefits - TANF/SNAP",Employed,No,Yes,No,Other,2025-Q3,680.0,4059
SLCM_0187,1,3,No,1000.0,"Food benefits - TANF/SNAP, Other",Unemployed but want to find work,No,Yes,No,Unexpected expense,2025-Q3,1316.0,1366
SLCM_0188,2,0,Yes,3275.0,"Social Security - SSI/SSDI, No income",Other,No,Yes,I don't know,Unexpected expense,2025-Q3,1551.0,3200
SLCM_0189,1,1,No,0.0,"Food benefits - TANF/SNAP, No income",Unemployed but want to find work,No,Yes,No,Lost a job/had hours cut,2025-Q1,859.0,909
SLCM_0190,1,1,No,0.0,"Food benefits - TANF/SNAP, No income",Unemployed but want to find work,No,Yes,Yes,Other,2025-Q3,1088.0,2176
SLCM_0191,0,0,No,0.0,"Food benefits - TANF/SNAP, No income",Other,No,I don't know,Yes,Withheld rent because of problems with my housing,2026-Q1,400.0,0
SLCM_0192,2,2,No,4228.0,Full-time employment,"Employed, but need more hours and/or different work",No,Yes,No,Unexpected expense,2026-Q1,1495.0,6250
SLCM_0193,2,2,No,3800.0,Full-time employment,Employed,No,Yes,No,Lost a job/had hours cut,2025-Q3,1564.0,4000
SLCM_0194,2,1,No,,Full-time employment,"Employed, but need more hours and/or different work",No,Yes,Yes,Lost a job/had hours cut,2026-Q3,964.0,1014
SLCM_0195,1,0,No,0.0,No income,Unemployed but want to find work,No,Yes,Yes,Unexpected expense,2025-Q1,860.0,2560
SLCM_0196,1,0,No,1000.0,Full-time employment,Unemployed but want to find work,No,Yes,No,Lost a job/had hours cut,2024-Q4,1600.0,4000
SLCM_0197,1,0,No,400.0,No income,Unemployed and not looking for work,Yes,Yes,Yes,Other,2026-Q1,113.0,593
SLCM_0198,1,2,No,2200.0,Full-time employment,Employed,No,Yes,No,Unexpected expense,2026-Q3,1100.0,3200
SLCM_0199,1,0,No,0.0,No income,Unemployed but want to find work,No,Yes,Yes,Lost a job/had hours cut,2025-Q1,598.0,2000
SLCM_0200,2,0,No,2800.0,Full-time employment,Unemployed but want to find work,No,Yes,Yes,Lost a job/had hours cut,2024-Q4,1050.0,3250
SLCM_0201,3,2,No,2400.0,Full-time employment,Employed,No,Yes,Yes,Other,2026-Q3,915.0,2050
SLCM_0202,1,0,No,1000.0,"Full-time employment, Food benefits - TANF/SNAP",Employed,No,Yes,Yes,Lost a job/had hours cut,2025-Q2,904.0,2987
SLCM_0203,5,0,Yes,2000.0,"Full-time employment, Part-time employment, Social Security - SSI/SSDI, Food benefits - TANF/SNAP",Unemployed and not looking for work,No,Yes,Yes,Other,2025-Q3,1500.0,3925.5
SLCM_0204,1,2,No,2100.0,Full-time employment,Employed,Yes,Yes,Yes,Other,2026-Q2,1400.0,1400
SLCM_0205,1,0,No,800.0,Part-time employment,Employed,No,Yes,Yes,Other,2026-Q3,595.0,970
SLCM_0206,1,3,No,100.0,"Food benefits - TANF/SNAP, No income",Unemployed but want to find work,Yes,I don't know,Yes,Other,2026-Q2,128.0,900
SLCM_0207,2,0,No,3000.0,"Part-time employment, Social Security - SSI/SSDI",Unemployed and not looking for work,No,Yes,No,Other,2024-Q4,980.0,980
SLCM_0208,1,2,No,2500.0,Full-time employment,"Employed, but need more hours and/or different work",No,I don't know,No,Lost a job/had hours cut,2026-Q3,1334.0,1660
SLCM_0209,1,0,No,994.0,Food benefits - TANF/SNAP,Unemployed but want to find work,No,I don't know,I don't know,Unexpected expense,2025-Q3,225.0,665
SLCM_0210,1,1,No,0.0,No income,Employed,No,Yes,No,Lost a job/had hours cut,2026-Q3,1304.0,1344
SLCM_0211,1,0,No,0.0,No income,Unemployed but want to find work,No,I don't know,No,Lost a job/had hours cut,2026-Q2,640.0,500
SLCM_0212,4,3,No,2358.0,"Full-time employment, Food benefits - TANF/SNAP",Employed,No,Yes,No,Lost a job/had hours cut,2025-Q2,2300.0,2300
SLCM_0213,1,1,No,2000.0,Part-time employment,Employed,No,Yes,No,Lost a job/had hours cut,2025-Q4,1650.0,10500
SLCM_0214,1,0,No,0.0,No income,Unemployed but want to find work,No,Yes,Yes,Change to public benefits,2025-Q3,850.0,850
SLCM_0215,0,0,No,2506.0,Full-time employment,Employed,No,Yes,No,Lost a job/had hours cut,2026-Q3,1250.0,4500
SLCM_0216,1,6,No,0.0,Food benefits - TANF/SNAP,Other,Yes,I don't know,Yes,Other,2026-Q3,1350.0,5000
SLCM_0217,1,0,No,0.0,No income,Unemployed but want to find work,No,Yes,Yes,Lost a job/had hours cut,2025-Q3,850.0,1700
SLCM_0218,1,1,No,1500.0,"Part-time employment, Social Security - SSI/SSDI",Employed,No,Yes,No,Lost a job/had hours cut,2026-Q1,1700.0,2300
SLCM_0219,1,2,No,1900.0,Full-time employment,"Employed, but need more hours and/or different work",No,I don't know,No,Lost a job/had hours cut,2026-Q2,1195.0,1222.9
SLCM_0220,1,1,No,,"Social Security - SSI/SSDI, Food benefits - TANF/SNAP",Other,Yes,I don't know,Yes,Rent increase,2025-Q1,141.0,500
SLCM_0221,2,0,No,0.0,No income,Unemployed but want to find work,No,I don't know,No,Lost a job/had hours cut,2026-Q3,945.0,100
SLCM_0222,2,0,No,787.0,Social Security - SSI/SSDI,Other,No,I don't know,Yes,Lost a job/had hours cut,2025-Q1,700.0,2300
SLCM_0223,1,0,No,2456.0,Full-time employment,Employed,No,I don't know,Yes,Lost a job/had hours cut,2026-Q2,950.0,1800
SLCM_0224,1,3,No,,Part-time employment,"Employed, but need more hours and/or different work",No,Yes,Yes,Withheld rent because of problems with my housing,2025-Q1,764.0,1400
SLCM_0225,0,3,No,,"Food benefits - TANF/SNAP, No income",Unemployed but want to find work,No,Yes,No,Lost a job/had hours cut,2024-Q4,461.0,1697.5
SLCM_0226,1,2,No,2000.0,"Part-time employment, Other","Employed, but need more hours and/or different work",No,Yes,No,Other,2026-Q3,710.0,2048
SLCM_0227,2,0,No,0.0,No income,Unemployed and not looking for work,No,I don't know,Yes,Other,2025-Q1,1150.0,2400
SLCM_0228,0,0,No,0.0,No income,Unemployed but want to find work,No,I don't know,No,Lost a job/had hours cut,2026-Q3,900.0,1000
SLCM_0229,1,2,No,1300.0,Part-time employment,"Employed, but need more hours and/or different work",No,I don't know,No,Withheld rent because of problems with my housing,2026-Q3,665.0,1615
SLCM_0230,1,4,No,465.0,"Child support, Food benefits - TANF/SNAP, Other",Other,No,Yes,Yes,Other,2025-Q4,1500.0,1500
SLCM_0231,1,2,No,1500.0,Full-time employment,Employed,No,Yes,No,Other,2026-Q2,1350.0,300
SLCM_0232,1,3,No,1900.0,Social Security - SSI/SSDI,Unemployed but want to find work,Yes,Yes,No,Other,2026-Q1,1300.0,1600
SLCM_0233,1,2,No,1000.0,Part-time employment,Employed,No,Yes,Yes,Have to pay other debt,2025-Q1,785.0,1514.66
SLCM_0234,1,0,No,445.0,No income,Unemployed but want to find work,No,I don't know,Yes,Lost a job/had hours cut,2026-Q2,900.0,250
SLCM_0235,1,3,No,967.0,Social Security - SSI/SSDI,Unemployed but want to find work,No,Yes,Yes,Lost a job/had hours cut,2025-Q4,745.0,1680
SLCM_0236,1,4,No,5000.0,Full-time employment,Employed,No,Yes,No,Lost a job/had hours cut,2026-Q2,1393.0,6965
SLCM_0237,1,1,No,0.0,"Food benefits - TANF/SNAP, No income",Unemployed but want to find work,Yes,I don't know,Yes,Other,2026-Q2,986.0,3000
SLCM_0238,0,0,No,0.0,No income,Unemployed but want to find work,No,I don't know,Yes,Lost a job/had hours cut,2026-Q1,780.0,780
SLCM_0239,2,2,No,2800.0,Full-time employment,Employed,No,Yes,Yes,Withheld rent because of problems with my housing,2025-Q3,1240.0,5000
SLCM_0240,0,0,No,2000.0,Part-time employment,Employed,No,Yes,Yes,Unexpected expense,2026-Q2,800.0,3000
SLCM_0241,1,0,No,0.0,Other,"Employed, but need more hours and/or different work",No,Yes,Yes,Lost a job/had hours cut,2025-Q2,1069.0,675
SLCM_0242,2,1,No,1500.0,No income,Employed,No,Yes,Yes,Unexpected expense,2026-Q3,850.0,1750
SLCM_0243,1,1,No,0.0,No income,Unemployed but want to find work,No,Yes,No,Lost a job/had hours cut,2025-Q3,1085.0,1085
SLCM_0244,1,2,No,0.0,No income,Unemployed but want to find work,No,I don't know,No,Lost a job/had hours cut,2025-Q2,1085.0,2500
SLCM_0245,1,2,No,3500.0,"Full-time employment, Veterans benefits",Employed,No,Yes,I don't know,Lost a job/had hours cut,2026-Q1,1400.0,3000
SLCM_0246,3,0,No,2000.0,Part-time employment,"Employed, but need more hours and/or different work",No,Yes,Yes,Lost a job/had hours cut,2025-Q3,1835.0,3770
SLCM_0247,1,1,No,350.0,"Food benefits - TANF/SNAP, No income",Unemployed but want to find work,No,I don't know,Yes,Lost a job/had hours cut,2026-Q1,899.0,1840
SLCM_0248,1,0,No,3000.0,"Full-time employment, Part-time employment, Food benefits - TANF/SNAP",Unemployed but want to find work,No,Yes,No,Other,2025-Q1,400.0,0
SLCM_0249,3,3,No,3000.0,Full-time employment,Employed,No,Yes,I don't know,Unexpected expense,2025-Q4,1645.0,6863
SLCM_0250,0,2,No,0.0,"Food benefits - TANF/SNAP, No income",Unemployed but want to find work,No,Yes,No,Lost a job/had hours cut,2026-Q1,1000.0,1400
SLCM_0251,1,1,No,1300.0,"Full-time employment, Food benefits - TANF/SNAP",Employed,No,Yes,No,Other,2025-Q2,1325.0,1800
SLCM_0252,1,4,No,3000.0,Full-time employment,Employed,No,Yes,Yes,Lost a job/had hours cut,2025-Q1,1399.0,3200
SLCM_0253,0,1,No,637.0,Social Security - SSI/SSDI,Other,No,Yes,Yes,Lost a job/had hours cut,2025-Q2,600.0,4000
SLCM_0254,3,3,No,0.0,Other,Unemployed and not looking for work,No,Yes,No,Lost a job/had hours cut,2026-Q3,993.0,2000
SLCM_0255,1,3,No,2000.0,Full-time employment,Employed,No,Yes,Yes,Lost a job/had hours cut,2024-Q4,800.0,2300
SLCM_0256,2,2,Yes,3300.0,"Part-time employment, Veterans benefits, No income",Unemployed but want to find work,No,Yes,No,Other,2025-Q3,1275.0,2400
SLCM_0257,1,0,No,775.0,"Food benefits - TANF/SNAP, Other",Unemployed but want to find work,No,Yes,Yes,Lost a job/had hours cut,2026-Q1,600.0,3000
SLCM_0258,1,2,No,3101.0,Full-time employment,Employed,No,Yes,No,Unexpected expense,2024-Q4,1286.0,4200
SLCM_0259,1,1,No,0.0,"Food benefits - TANF/SNAP, No income",Unemployed but want to find work,No,I don't know,Yes,,2026-Q1,950.0,464
SLCM_0260,1,0,No,288.0,No income,Unemployed but want to find work,Yes,I don't know,I don't know,Lost a job/had hours cut,2025-Q1,288.0,1200
SLCM_0261,1,3,No,3032.0,"Full-time employment, Food benefits - TANF/SNAP","Employed, but need more hours and/or different work",No,Yes,No,Lost a job/had hours cut,2025-Q1,1300.0,3900
SLCM_0262,1,4,No,0.0,"Food benefits - TANF/SNAP, No income",Unemployed but want to find work,Yes,Yes,Yes,Unexpected expense,2025-Q2,1500.0,1548.55
SLCM_0263,1,1,No,1100.0,"Child support, Food benefits - TANF/SNAP, No income",Unemployed but want to find work,No,Yes,Yes,Have to pay other debt,2026-Q2,1135.0,1249
SLCM_0264,1,0,No,0.0,Part-time employment,"Employed, but need more hours and/or different work",No,Yes,No,Lost a job/had hours cut,2026-Q1,850.0,1500
SLCM_0265,2,0,No,1762.0,"Full-time employment, No income",Unemployed and not looking for work,No,I don't know,Yes,Lost a job/had hours cut,2024-Q4,575.0,750
SLCM_0266,1,3,No,524.0,Food benefits - TANF/SNAP,Unemployed but want to find work,No,Yes,No,Other,2024-Q4,925.0,2800
SLCM_0267,2,1,No,1500.0,Part-time employment,"Employed, but need more hours and/or different work",No,Yes,Yes,Lost a job/had hours cut,2026-Q2,750.0,3500
SLCM_0268,1,1,No,947.0,"Social Security - SSI/SSDI, Food benefits - TANF/SNAP",Unemployed and not looking for work,No,I don't know,Yes,Have to pay other debt,2025-Q3,200.0,700
SLCM_0269,1,0,No,977.0,Social Security - SSI/SSDI,Unemployed and not looking for work,Yes,Yes,No,Other,2025-Q1,1083.0,2000
SLCM_0270,2,0,No,0.0,No income,Unemployed but want to find work,No,I don't know,Yes,Withheld rent because of problems with my housing,2025-Q2,1000.0,2000
SLCM_0271,1,1,No,2400.0,Full-time employment,Employed,No,I don't know,No,Have to pay other debt,2026-Q1,950.0,950
SLCM_0272,3,1,No,1000.0,Part-time employment,Unemployed but want to find work,No,Yes,I don't know,Unexpected expense,2026-Q2,1110.0,2700
SLCM_0273,2,0,No,943.0,Social Security - SSI/SSDI,Other,No,I don't know,Yes,Unexpected expense,2024-Q4,700.0,817.9
SLCM_0274,1,0,No,0.0,"Food benefits - TANF/SNAP, No income",Unemployed but want to find work,No,Yes,No,Lost a job/had hours cut,2026-Q1,895.0,653
SLCM_0275,1,3,No,0.0,"Food benefits - TANF/SNAP, No income",Unemployed but want to find work,No,Yes,Yes,Lost a job/had hours cut,2025-Q3,650.0,2385.91
SLCM_0276,3,0,No,995.0,Social Security - SSI/SSDI,Unemployed but want to find work,No,I don't know,Yes,Lost a job/had hours cut,2026-Q2,1190.0,1200
SLCM_0277,0,0,No,3000.0,Full-time employment,Employed,No,Yes,No,Unexpected expense,2024-Q4,1150.0,1555.08
SLCM_0278,1,0,No,0.0,No income,Other,Yes,Yes,Yes,Lost a job/had hours cut,2025-Q1,250.0,5000
SLCM_0279,2,4,No,0.0,"Unemployment benefits, Food benefits - TANF/SNAP, No income, Other","Employed, but need more hours and/or different work",No,Yes,I don't know,Lost a job/had hours cut,2024-Q4,1009.0,1194
SLCM_0280,2,1,No,0.0,No income,Other,No,I don't know,No,Other,2025-Q4,450.0,823
SLCM_0281,1,0,Yes,2500.0,"Social Security - SSI/SSDI, Food benefits - TANF/SNAP",Other,No,Yes,No,Have to pay other debt,2025-Q3,1186.0,1186
SLCM_0282,1,0,No,0.0,No income,Unemployed but want to find work,No,Yes,Yes,Lost a job/had hours cut,2025-Q1,850.0,3007
SLCM_0283,1,2,No,3000.0,Part-time employment,Employed,No,Yes,No,Lost a job/had hours cut,2025-Q2,1200.0,4072
SLCM_0284,1,1,No,460.0,Food benefits - TANF/SNAP,"Employed, but need more hours and/or different work",No,I don't know,Yes,Lost a job/had hours cut,2026-Q2,747.0,747
SLCM_0285,3,2,No,,"Part-time employment, Social Security - SSI/SSDI, Food benefits - TANF/SNAP","Employed, but need more hours and/or different work",No,Yes,No,Lost a job/had hours cut,2025-Q1,800.0,1600
SLCM_0286,5,3,No,3500.0,Full-time employment,Employed,No,Yes,Yes,Lost a job/had hours cut,2025-Q3,1195.0,2528.59
SLCM_0287,1,2,No,648.0,"Social Security - SSI/SSDI, Food benefits - TANF/SNAP",Other,Yes,I don't know,Yes,Withheld rent because of problems with my housing,2025-Q2,555.0,1
SLCM_0288,2,0,No,1650.0,Social Security - SSI/SSDI,Unemployed but want to find work,No,I don't know,No,Lost a job/had hours cut,2025-Q1,1320.0,1320
SLCM_0289,1,2,No,249.0,"Child support, Food benefits - TANF/SNAP",Other,Yes,I don't know,Yes,Other,2025-Q1,1000.0,1400
SLCM_0290,3,1,No,3000.0,"Full-time employment, Social Security - SSI/SSDI",Other,No,Yes,No,Lost a job/had hours cut,2024-Q4,1080.0,2446
SLCM_0291,1,1,No,600.0,"Part-time employment, Child support","Employed, but need more hours and/or different work",No,I don't know,Yes,Lost a job/had hours cut,2025-Q4,1113.0,615
SLCM_0292,1,0,No,,Full-time employment,Employed,No,Yes,No,Other,2026-Q2,675.0,5976
SLCM_0293,1,0,No,2365.0,Full-time employment,Employed,No,Yes,No,Unexpected expense,2025-Q3,669.0,864
SLCM_0294,2,2,No,1400.0,"Part-time employment, Food benefits - TANF/SNAP","Employed, but need more hours and/or different work",No,Yes,No,Lost a job/had hours cut,2026-Q3,1123.0,1233.9
SLCM_0295,1,0,No,2500.0,Full-time employment,Unemployed but want to find work,No,Yes,No,Lost a job/had hours cut,2026-Q1,1550.0,3000
SLCM_0296,0,0,No,800.0,Part-time employment,"Employed, but need more hours and/or different work",No,Yes,Yes,Lost a job/had hours cut,2025-Q4,994.0,2500
SLCM_0297,1,4,No,1800.0,"Social Security - SSI/SSDI, Food benefits - TANF/SNAP",Unemployed but want to find work,No,Yes,Yes,Have to pay other debt,2026-Q2,1375.0,820
SLCM_0298,0,0,No,154.0,"Part-time employment, Food benefits - TANF/SNAP","Employed, but need more hours and/or different work",No,Yes,No,Lost a job/had hours cut,2026-Q3,154.0,1905
SLCM_0299,2,3,No,0.0,Food benefits - TANF/SNAP,Unemployed but want to find work,No,Yes,No,Lost a job/had hours cut,2025-Q3,1183.0,5046
SLCM_0300,1,0,No,0.0,No income,Unemployed but want to find work,No,I don't know,Yes,Other,2026-Q1,1200.0,3200
SLCM_0301,2,1,No,0.0,No income,"Employed, but need more hours and/or different work",Yes,I don't know,No,Lost a job/had hours cut,2025-Q1,248.0,323
SLCM_0302,2,0,No,0.0,No income,Unemployed but want to find work,No,I don't know,Yes,Lost a job/had hours cut,2025-Q2,750.0,3000
SLCM_0303,2,3,No,1200.0,"Unemployment benefits, No income",Unemployed but want to find work,No,Yes,No,Lost a job/had hours cut,2026-Q1,1330.0,4425
SLCM_0304,2,0,Yes,2300.0,Social Security - SSI/SSDI,Unemployed but want to find work,No,Yes,No,Lost a job/had hours cut,2024-Q4,625.0,1500
SLCM_0305,2,0,Yes,,Full-time employment,"Employed, but need more hours and/or different work",No,I don't know,No,Unexpected expense,2026-Q3,1450.0,1500
SLCM_0306,2,1,No,946.0,"Social Security - SSI/SSDI, Food benefits - TANF/SNAP",Unemployed and not looking for work,No,Yes,Yes,Withheld rent because of problems with my housing,2025-Q2,750.0,3000
SLCM_0307,1,0,Yes,1199.0,Social Security - SSI/SSDI,Unemployed and not looking for work,Yes,Yes,No,Withheld rent because of problems with my housing,2025-Q4,700.0,700
SLCM_0308,3,0,No,2400.0,Full-time employment,Other,No,I don't know,No,Have to pay other debt,2024-Q4,850.0,3675
SLCM_0309,1,3,No,2982.0,Social Security - SSI/SSDI,Unemployed and not looking for work,Yes,Yes,I don't know,Unexpected expense,2026-Q2,1760.0,6000
SLCM_0310,1,0,No,0.0,"Food benefits - TANF/SNAP, No income, Other",Unemployed but want to find work,No,I don't know,No,Lost a job/had hours cut,2025-Q3,600.0,500
SLCM_0311,1,5,No,0.0,No income,Unemployed but want to find work,No,I don't know,Yes,Lost a job/had hours cut,2026-Q3,2100.0,2100
SLCM_0312,1,2,Yes,2000.0,"Part-time employment, Social Security - SSI/SSDI","Employed, but need more hours and/or different work",No,Yes,Yes,Rent increase,2025-Q1,1275.0,3366.15
SLCM_0313,1,0,No,3600.0,Unemployment benefits,Unemployed but want to find work,No,I don't know,Yes,Lost a job/had hours cut,2026-Q1,1535.0,1670
SLCM_0314,1,0,No,2000.0,"Full-time employment, No income",Unemployed but want to find work,No,Yes,No,Lost a job/had hours cut,2026-Q1,1200.0,1200
SLCM_0315,2,1,No,2000.0,"Part-time employment, Food benefits - TANF/SNAP","Employed, but need more hours and/or different work",No,Yes,No,Other,2026-Q2,1550.0,6000
SLCM_0316,1,2,No,2600.0,"Full-time employment, Food benefits - TANF/SNAP","Employed, but need more hours and/or different work",Yes,Yes,I don't know,Rent increase,2026-Q3,652.0,3781
SLCM_0317,4,0,No,,"Full-time employment, No income",Unemployed but want to find work,No,Yes,No,Lost a job/had hours cut,2024-Q4,900.0,1650
SLCM_0318,2,0,No,1268.0,"Social Security - SSI/SSDI, Food benefits - TANF/SNAP",Other,No,Yes,Yes,Unexpected expense,2025-Q2,1500.0,5000
SLCM_0319,2,2,No,3900.0,Full-time employment,Employed,No,I don't know,No,Unexpected expense,2025-Q2,1967.0,2600
SLCM_0320,1,0,No,0.0,No income,Unemployed but want to find work,No,I don't know,No,Lost a job/had hours cut,2026-Q3,1093.0,1093
SLCM_0321,1,0,No,480.0,Other,Unemployed but want to find work,No,Yes,Yes,Other,2025-Q3,600.0,0
SLCM_0322,1,0,No,298.0,Food benefits - TANF/SNAP,Other,No,Yes,No,,2025-Q4,0.0,0
SLCM_0323,2,1,No,967.0,"Social Security - SSI/SSDI, Food benefits - TANF/SNAP",Other,Yes,Yes,Yes,Rent increase,2025-Q3,120.0,1360
SLCM_0324,1,0,No,0.0,Food benefits - TANF/SNAP,Unemployed but want to find work,No,I don't know,No,Lost a job/had hours cut,2025-Q3,1000.0,2000
SLCM_0325,2,0,No,0.0,No income,Unemployed but want to find work,No,Yes,No,Lost a job/had hours cut,2025-Q4,800.0,4000
SLCM_0326,3,0,Yes,3000.0,"Part-time employment, Child support, Social Security - SSI/SSDI, Food benefits - TANF/SNAP, No income",Unemployed and not looking for work,No,Yes,Yes,Withheld rent because of problems with my housing,2026-Q2,1600.0,3875
SLCM_0327,1,2,No,2400.0,Full-time employment,Employed,No,Yes,No,Unexpected expense,2025-Q4,1150.0,4500
SLCM_0328,2,3,No,1000.0,Part-time employment,Employed,No,Yes,No,Lost a job/had hours cut,2024-Q4,425.0,450
SLCM_0329,0,0,No,1030.0,Social Security - SSI/SSDI,Other,No,Yes,No,Other,2025-Q4,318.0,1400
SLCM_0330,1,0,No,2000.0,Full-time employment,Employed,No,Yes,No,Lost a job/had hours cut,2025-Q1,650.0,1950
SLCM_0331,3,0,No,2000.0,"Part-time employment, Social Security - SSI/SSDI",Other,No,Yes,Yes,Lost a job/had hours cut,2025-Q3,1100.0,3600
SLCM_0332,1,1,No,1000.0,"Full-time employment, Part-time employment","Employed, but need more hours and/or different work",No,Yes,No,Lost a job/had hours cut,2026-Q3,925.0,1068
SLCM_0333,1,0,No,0.0,No income,Unemployed but want to find work,No,I don't know,I don't know,Lost a job/had hours cut,2025-Q3,0.0,0
SLCM_0334,1,0,Prefer not to answer,946.0,Social Security - SSI/SSDI,Other,Yes,Yes,I don't know,Other,2024-Q4,90.0,770
SLCM_0335,1,2,No,3200.0,"Full-time employment, Food benefits - TANF/SNAP",Employed,No,Yes,No,Lost a job/had hours cut,2024-Q4,1319.0,5300
SLCM_0336,2,1,No,0.0,No income,Unemployed but want to find work,No,Yes,Yes,Other,2024-Q4,990.0,7093
SLCM_0337,1,3,No,0.0,"Food benefits - TANF/SNAP, No income",Unemployed but want to find work,No,I don't know,No,Lost a job/had hours cut,2025-Q3,1000.0,3000
SLCM_0338,1,0,No,,Part-time employment,"Employed, but need more hours and/or different work",No,Yes,No,Lost a job/had hours cut,2025-Q2,684.0,3500
SLCM_0339,1,0,No,2000.0,Full-time employment,Employed,No,I don't know,No,Lost a job/had hours cut,2025-Q2,675.0,5006
SLCM_0340,2,1,No,2500.0,Food benefits - TANF/SNAP,Unemployed but want to find work,Yes,Yes,Yes,Lost a job/had hours cut,2025-Q2,267.0,2543
SLCM_0341,1,0,No,0.0,No income,Unemployed but want to find work,No,Yes,No,Lost a job/had hours cut,2025-Q1,950.0,3800
SLCM_0342,1,0,Yes,2700.0,Pension,Other,No,Yes,No,Other,2025-Q2,1043.0,2086
SLCM_0343,2,0,No,1300.0,Social Security - SSI/SSDI,Unemployed but want to find work,No,I don't know,Yes,Other,2025-Q4,270.0,1600
SLCM_0344,0,2,No,3200.0,Full-time employment,Employed,No,Yes,No,Unexpected expense,2025-Q3,1115.0,1500
SLCM_0345,1,0,No,,Full-time employment,Employed,No,I don't know,I don't know,Other,2024-Q4,875.0,970
SLCM_0346,3,2,No,995.0,"Social Security - SSI/SSDI, Food benefits - TANF/SNAP",Other,No,Yes,No,Lost a job/had hours cut,2026-Q1,799.0,3000
SLCM_0347,5,2,No,2000.0,"Part-time employment, Food benefits - TANF/SNAP",Unemployed but want to find work,Yes,I don't know,Yes,Lost a job/had hours cut,2025-Q2,,13600
SLCM_0348,1,0,No,2200.0,Full-time employment,Employed,No,Yes,Yes,Unexpected expense,2026-Q3,1150.0,2688
SLCM_0349,1,0,No,994.0,"Social Security - SSI/SSDI, Food benefits - TANF/SNAP",Other,Yes,Yes,Yes,Withheld rent because of problems with my housing,2026-Q1,77.0,304
SLCM_0350,1,0,No,1500.0,Full-time employment,Employed,No,I don't know,Yes,Lost a job/had hours cut,2026-Q2,950.0,1325
SLCM_0351,2,1,No,1900.0,Part-time employment,"Employed, but need more hours and/or different work",No,Yes,No,Lost a job/had hours cut,2025-Q3,2300.0,11000
SLCM_0352,1,2,No,0.0,"Food benefits - TANF/SNAP, No income",Unemployed but want to find work,No,I don't know,Yes,Lost a job/had hours cut,2025-Q3,1200.0,1200
SLCM_0353,1,3,No,1121.0,"Child support, Food benefits - TANF/SNAP, Other","Employed, but need more hours and/or different work",No,Yes,Yes,Other,2026-Q3,912.32,4045.1
SLCM_0354,0,0,No,0.0,No income,Unemployed but want to find work,No,I don't know,Yes,Lost a job/had hours cut,2026-Q3,900.0,2745
SLCM_0355,1,0,Yes,644.0,Social Security - SSI/SSDI,Unemployed but want to find work,No,Yes,Yes,Other,2026-Q1,800.0,2400
SLCM_0356,0,0,No,0.0,No income,Unemployed but want to find work,No,I don't know,No,Other,2026-Q2,700.0,3000
SLCM_0357,1,0,No,953.0,Social Security - SSI/SSDI,Unemployed and not looking for work,Yes,Yes,No,Other,2025-Q3,109.0,0
SLCM_0358,1,2,No,524.0,Food benefits - TANF/SNAP,Unemployed but want to find work,Yes,Yes,Yes,Have to pay other debt,2025-Q1,986.0,300
SLCM_0359,2,5,No,1600.0,Food benefits - TANF/SNAP,Other,No,I don't know,Yes,Lost a job/had hours cut,2025-Q3,1200.0,2400
SLCM_0360,1,5,No,0.0,"Food benefits - TANF/SNAP, No income",Unemployed but want to find work,No,I don't know,Yes,Lost a job/had hours cut,2025-Q1,1226.0,3781
SLCM_0361,2,1,No,2000.0,Full-time employment,"Employed, but need more hours and/or different work",No,I don't know,No,Unexpected expense,2025-Q2,1550.0,1550
SLCM_0362,4,3,No,1200.0,Part-time employment,Employed,Yes,Yes,Yes,Other,2024-Q4,1400.0,0
SLCM_0363,0,0,No,0.0,No income,Unemployed but want to find work,No,Yes,Yes,Lost a job/had hours cut,2024-Q4,850.0,1810
SLCM_0364,1,1,No,1000.0,"Part-time employment, Food benefits - TANF/SNAP","Employed, but need more hours and/or different work",No,Yes,No,Lost a job/had hours cut,2025-Q2,1093.0,2000
SLCM_0365,2,1,No,1030.0,"Full-time employment, Food benefits - TANF/SNAP, No income",Unemployed but want to find work,No,Yes,I don't know,Other,2025-Q1,1220.0,5532
SLCM_0366,3,1,No,2500.0,"Pension, No income","Employed, but need more hours and/or different work",No,Yes,No,Have to pay other debt,2025-Q2,1905.0,4210
SLCM_0367,3,3,No,,"Part-time employment, Social Security - SSI/SSDI",Employed,No,Yes,Yes,Lost a job/had hours cut,2024-Q4,1500.0,4500
SLCM_0368,2,3,No,2000.0,"Part-time employment, Child support, Social Security - SSI/SSDI, Food benefits - TANF/SNAP","Employed, but need more hours and/or different work",No,Yes,Yes,Lost a job/had hours cut,2025-Q4,1775.0,4500
SLCM_0369,2,0,No,3000.0,Full-time employment,"Employed, but need more hours and/or different work",No,Yes,No,Lost a job/had hours cut,2026-Q2,1220.0,800
SLCM_0370,1,2,No,2500.0,Full-time employment,Employed,No,Yes,No,Other,2025-Q4,1404.0,2808
SLCM_0371,1,1,No,1500.0,"Part-time employment, Child support",Employed,I don't know,Yes,No,Lost a job/had hours cut,2025-Q2,428.0,1238
SLCM_0372,2,1,No,967.0,"Social Security - SSI/SSDI, Food benefits - TANF/SNAP",Unemployed but want to find work,No,Yes,No,Unexpected expense,2025-Q4,234.0,1400
SLCM_0373,1,0,No,500.0,Food benefits - TANF/SNAP,Unemployed but want to find work,No,Yes,Yes,Lost a job/had hours cut,2026-Q1,1140.0,4222.9
SLCM_0374,1,0,No,640.0,"Social Security - SSI/SSDI, Food benefits - TANF/SNAP",Other,Yes,I don't know,Yes,Have to pay other debt,2026-Q3,266.0,1000
SLCM_0375,1,3,No,1000.0,"Child support, Social Security - SSI/SSDI",Unemployed but want to find work,No,Yes,I don't know,Other,2026-Q1,500.0,1000
SLCM_0376,5,3,No,943.0,Social Security - SSI/SSDI,Unemployed and not looking for work,No,I don't know,No,Other,2025-Q1,750.0,3000
SLCM_0377,2,0,No,4600.0,No income,Other,No,Yes,I don't know,Lost a job/had hours cut,2025-Q3,1076.0,800
SLCM_0378,1,0,No,1726.0,Social Security - SSI/SSDI,Unemployed and not looking for work,No,Yes,No,Unexpected expense,2026-Q1,875.0,1950
SLCM_0379,1,0,No,2300.0,Full-time employment,Employed,No,Yes,No,Unexpected expense,2025-Q4,1125.0,4531.4
SLCM_0380,1,0,No,2400.0,Full-time employment,Employed,No,I don't know,No,Lost a job/had hours cut,2026-Q3,1000.0,2000
SLCM_0381,5,2,No,1.0,No income,Unemployed but want to find work,No,I don't know,No,Lost a job/had hours cut,2026-Q2,1.0,3
SLCM_0382,1,0,No,,No income,Unemployed and not looking for work,No,I don't know,Yes,Unexpected expense,2024-Q4,100.0,100
SLCM_0383,1,0,No,0.0,No income,Unemployed but want to find work,No,Yes,Yes,Lost a job/had hours cut,2026-Q2,1240.31,1240.31
SLCM_0384,1,0,No,1600.0,Full-time employment,Employed,No,Yes,Yes,Have to pay other debt,2026-Q2,909.0,1035
SLCM_0385,1,0,No,0.0,No income,Unemployed but want to find work,No,Yes,No,Other,2025-Q1,790.0,1630
SLCM_0386,1,3,No,319.0,Food benefits - TANF/SNAP,Unemployed but want to find work,No,I don't know,No,Unexpected expense,2026-Q1,1250.0,2000
SLCM_0387,1,0,No,0.0,No income,Unemployed but want to find work,No,Yes,Yes,Lost a job/had hours cut,2026-Q3,850.0,1700
SLCM_0388,1,0,No,,"Full-time employment, No income",Other,No,Yes,Yes,Lost a job/had hours cut,2025-Q1,977.0,2054
SLCM_0389,2,2,No,3600.0,"Part-time employment, Food benefits - TANF/SNAP","Employed, but need more hours and/or different work",No,Yes,I don't know,Withheld rent because of problems with my housing,2025-Q4,975.0,0
SLCM_0390,1,0,No,0.0,No income,Unemployed but want to find work,Yes,Yes,No,Rent increase,2026-Q2,685.0,985
SLCM_0391,2,0,No,350.0,"Full-time employment, Food benefits - TANF/SNAP, No income",Employed,No,Yes,No,Lost a job/had hours cut,2024-Q4,1200.0,5000
SLCM_0392,1,4,No,2500.0,Full-time employment,Employed,Yes,Yes,Yes,Other,2025-Q1,1500.0,3400
SLCM_0393,1,4,No,120.0,Child support,Unemployed but want to find work,No,I don't know,I don't know,Change to public benefits,2025-Q4,1168.0,2951.58
SLCM_0394,1,1,No,1000.0,Full-time employment,Unemployed but want to find work,No,Yes,No,Lost a job/had hours cut,2025-Q3,650.0,2065
SLCM_0395,3,2,No,1800.0,"Part-time employment, Food benefits - TANF/SNAP, Other",Employed,No,Yes,No,Other,2026-Q3,1600.0,1600
SLCM_0396,4,2,No,0.0,"Part-time employment, Food benefits - TANF/SNAP","Employed, but need more hours and/or different work",No,Yes,Yes,Lost a job/had hours cut,2026-Q2,1450.0,1650
SLCM_0397,2,0,No,1200.0,"Full-time employment, No income",Unemployed but want to find work,No,Yes,Yes,Lost a job/had hours cut,2025-Q3,,14000
SLCM_0398,0,1,No,0.0,No income,Unemployed but want to find work,No,I don't know,Yes,Other,2026-Q3,1400.0,5800
SLCM_0399,2,0,No,4000.0,Full-time employment,"Employed, but need more hours and/or different work",No,I don't know,Yes,Have to pay other debt,2025-Q2,1600.0,2200
SLCM_0400,1,0,No,967.0,"Social Security - SSI/SSDI, Food benefits - TANF/SNAP",Other,No,Yes,Yes,Other,2025-Q2,810.0,2055
SLCM_0401,3,0,No,,Social Security - SSI/SSDI,Unemployed but want to find work,No,Yes,Yes,Lost a job/had hours cut,2024-Q4,1100.0,2000
SLCM_0402,1,0,No,0.0,No income,Unemployed but want to find work,No,Yes,Yes,Lost a job/had hours cut,2026-Q1,900.0,2873
SLCM_0403,2,1,No,2784.0,Social Security - SSI/SSDI,Other,Yes,Yes,No,Unexpected expense,2026-Q1,500.0,2000
SLCM_0404,2,1,No,700.0,Part-time employment,"Employed, but need more hours and/or different work",No,Yes,Yes,Lost a job/had hours cut,2026-Q2,1000.0,3000
SLCM_0405,1,0,No,,"Food benefits - TANF/SNAP, No income",Unemployed but want to find work,No,I don't know,Yes,Lost a job/had hours cut,2025-Q2,,2517
SLCM_0406,1,0,No,967.0,Social Security - SSI/SSDI,Unemployed and not looking for work,No,Yes,No,Rent increase,2025-Q4,765.0,2295
SLCM_0407,1,0,No,,"Social Security - SSI/SSDI, Food benefits - TANF/SNAP",Other,No,I don't know,No,Unexpected expense,2025-Q2,183.0,366
SLCM_0408,1,0,No,,Social Security - SSI/SSDI,Unemployed but want to find work,Yes,I don't know,No,Other,2025-Q1,221.0,442
SLCM_0409,0,0,No,0.0,No income,Other,No,I don't know,I don't know,Lost a job/had hours cut,2025-Q1,846.0,1266
SLCM_0410,1,4,No,2200.0,"Full-time employment, Food benefits - TANF/SNAP",Employed,No,Yes,Yes,Unexpected expense,2025-Q4,1154.0,2068
SLCM_0411,4,0,Yes,1500.0,"Part-time employment, Child support, Veterans benefits, Social Security - SSI/SSDI",Unemployed and not looking for work,No,Yes,No,Withheld rent because of problems with my housing,2026-Q2,1500.0,3000
SLCM_0412,1,0,No,0.0,Food benefits - TANF/SNAP,Unemployed but want to find work,No,Yes,I don't know,Other,2026-Q3,400.0,800
SLCM_0413,1,0,No,2000.0,No income,Other,No,Yes,No,Lost a job/had hours cut,2025-Q1,1600.0,5000
SLCM_0414,1,0,No,3206.0,Full-time employment,Employed,No,Yes,I don't know,Other,2024-Q4,0.0,0
SLCM_0415,1,0,No,1241.0,"Social Security - SSI/SSDI, Food benefits - TANF/SNAP",Unemployed and not looking for work,Yes,I don't know,I don't know,Other,2025-Q2,460.0,920
SLCM_0416,2,2,No,3000.0,"Part-time employment, Social Security - SSI/SSDI","Employed, but need more hours and/or different work",No,Yes,Yes,Unexpected expense,2026-Q1,1390.0,3000
SLCM_0417,1,1,No,0.0,Food benefits - TANF/SNAP,Unemployed but want to find work,No,Yes,Yes,Other,2025-Q3,1600.0,3200
SLCM_0418,1,0,No,900.0,Other,Other,No,Yes,No,Rent increase,2026-Q1,350.0,0
SLCM_0419,1,0,No,1300.0,"Full-time employment, Other",Other,No,Yes,No,Lost a job/had hours cut,2026-Q2,1150.0,3100
SLCM_0420,3,2,No,,"Full-time employment, Unemployment benefits",Employed,No,Yes,No,Lost a job/had hours cut,2025-Q1,1636.67,8667.18
SLCM_0421,1,1,No,0.0,No income,Unemployed but want to find work,No,Yes,Yes,Lost a job/had hours cut,2025-Q3,1129.0,3321.41
SLCM_0422,0,0,No,967.0,Social Security - SSI/SSDI,Unemployed and not looking for work,Yes,Yes,No,Other,2025-Q3,967.0,100
SLCM_0423,1,0,No,3400.0,Full-time employment,Employed,No,Yes,No,Unexpected expense,2025-Q3,1200.0,3936
SLCM_0424,2,0,No,0.0,No income,Other,I don't know,Yes,Yes,Withheld rent because of problems with my housing,2026-Q1,750.0,1650
SLCM_0425,0,2,No,320.0,"Part-time employment, Food benefits - TANF/SNAP",Employed,No,I don't know,No,Lost a job/had hours cut,2025-Q3,344.0,707
SLCM_0426,1,1,No,980.0,"Social Security - SSI/SSDI, Food benefits - TANF/SNAP",Other,Yes,I don't know,I don't know,Rent increase,2025-Q3,141.0,2000
SLCM_0427,0,0,No,0.0,No income,Unemployed but want to find work,No,I don't know,Yes,Withheld rent because of problems with my housing,2026-Q3,550.0,550
SLCM_0428,2,2,No,1600.0,Full-time employment,Employed,No,I don't know,Yes,Rent increase,2025-Q1,1041.0,1316
SLCM_0429,2,0,No,2000.0,"Part-time employment, Other","Employed, but need more hours and/or different work",No,Yes,No,Other,2026-Q1,1100.0,3600
SLCM_0430,1,0,No,3000.0,Full-time employment,Employed,No,I don't know,Yes,Other,2025-Q3,1200.0,1300
SLCM_0431,1,0,No,0.0,No income,Unemployed but want to find work,No,Yes,Yes,Lost a job/had hours cut,2026-Q1,700.0,1600
SLCM_0432,1,2,No,1500.0,"Full-time employment, Social Security - SSI/SSDI",Employed,No,I don't know,No,Lost a job/had hours cut,2026-Q2,800.0,2300
SLCM_0433,1,1,No,3000.0,Full-time employment,Employed,No,Yes,Yes,Other,2025-Q4,1200.0,1765.82
SLCM_0434,1,4,No,3300.0,Full-time employment,Employed,No,Yes,Yes,Unexpected expense,2026-Q3,990.0,1190
SLCM_0435,2,4,No,0.0,No income,Unemployed but want to find work,No,Yes,Yes,Lost a job/had hours cut,2025-Q4,850.0,2175
SLCM_0436,1,3,No,2500.0,"Child support, Social Security - SSI/SSDI, Food benefits - TANF/SNAP",Other,I don't know,Yes,I don't know,Other,2026-Q1,54.0,294.6
SLCM_0437,1,1,No,750.0,"Food benefits - TANF/SNAP, Other",Unemployed but want to find work,No,Yes,Yes,Other,2026-Q1,942.0,2859.85
SLCM_0438,2,0,No,0.0,No income,Unemployed but want to find work,Yes,Yes,No,Change to public benefits,2026-Q3,1425.0,0
SLCM_0439,2,0,No,1500.0,Part-time employment,Unemployed and not looking for work,No,I don't know,Yes,Unexpected expense,2025-Q1,700.0,2400
SLCM_0440,4,2,No,0.0,No income,Other,No,Yes,Yes,Other,2025-Q3,1600.0,13000
SLCM_0441,2,0,No,1009.0,"Unemployment benefits, Social Security - SSI/SSDI",Unemployed but want to find work,No,Yes,No,Lost a job/had hours cut,2024-Q4,601.0,2000
SLCM_0442,1,2,No,2000.0,Social Security - SSI/SSDI,Other,Yes,Yes,Yes,Unexpected expense,2025-Q4,900.0,1527.78
SLCM_0443,1,1,No,0.0,No income,Unemployed but want to find work,No,I don't know,No,Lost a job/had hours cut,2025-Q1,1300.0,2400
SLCM_0444,2,1,No,0.0,"Food benefits - TANF/SNAP, No income",Unemployed but want to find work,No,Yes,No,Lost a job/had hours cut,2024-Q4,875.0,2616
SLCM_0445,2,0,No,900.0,Social Security - SSI/SSDI,Other,No,Yes,No,Other,2025-Q3,800.0,1800
SLCM_0446,1,1,No,2000.0,"Full-time employment, Veterans benefits",Employed,No,Yes,Yes,Unexpected expense,2026-Q2,1100.0,3900
SLCM_0447,1,2,No,500.0,"Child support, Food benefits - TANF/SNAP",Unemployed but want to find work,Yes,Yes,I don't know,Change to public benefits,2026-Q1,1399.0,2700
SLCM_0448,2,1,No,4000.0,Full-time employment,Employed,No,Yes,No,Lost a job/had hours cut,2025-Q2,1350.0,2150
SLCM_0449,1,2,No,0.0,No income,Unemployed but want to find work,No,Yes,No,Lost a job/had hours cut,2026-Q1,1300.0,4800
SLCM_0450,1,1,No,10000.0,"Full-time employment, Food benefits - TANF/SNAP",Employed,No,Yes,Yes,Lost a job/had hours cut,2026-Q3,1200.0,1200
SLCM_0451,1,1,No,2300.0,"Full-time employment, Food benefits - TANF/SNAP",Employed,No,Yes,No,Lost a job/had hours cut,2025-Q4,1149.0,2498.42
SLCM_0452,2,1,No,2500.0,Full-time employment,Employed,No,Yes,No,Lost a job/had hours cut,2025-Q3,1070.0,2400
SLCM_0453,1,2,No,0.0,No income,Unemployed but want to find work,No,Yes,No,Lost a job/had hours cut,2026-Q1,1600.0,3200
SLCM_0454,1,2,No,2000.0,"Full-time employment, Part-time employment, Food benefits - TANF/SNAP","Employed, but need more hours and/or different work",No,Yes,No,Lost a job/had hours cut,2026-Q2,1050.0,2750
SLCM_0455,0,0,No,94.0,Part-time employment,Employed,No,Yes,No,Lost a job/had hours cut,2026-Q2,94.0,1.51
SLCM_0456,3,1,No,900.0,Full-time employment,Employed,No,Yes,No,Lost a job/had hours cut,2026-Q1,1650.0,16000
SLCM_0457,2,2,No,500.0,Other,Unemployed but want to find work,No,Yes,No,Lost a job/had hours cut,2026-Q2,1000.0,2500
SLCM_0458,1,2,No,2150.0,"Social Security - SSI/SSDI, Food benefits - TANF/SNAP",Unemployed but want to find work,No,Yes,Yes,Unexpected expense,2026-Q2,1137.0,400
SLCM_0459,1,3,No,956.0,Food benefits - TANF/SNAP,Unemployed but want to find work,No,Yes,Yes,Other,2025-Q2,895.0,1800
SLCM_0460,1,0,No,3000.0,Full-time employment,Employed,No,Yes,I don't know,Lost a job/had hours cut,2025-Q2,,3000
SLCM_0461,3,1,Yes,1200.0,"Social Security - SSI/SSDI, Food benefits - TANF/SNAP",Other,Yes,I don't know,Yes,Unexpected expense,2025-Q4,305.0,700
SLCM_0462,2,3,No,2000.0,"Full-time employment, Food benefits - TANF/SNAP",Employed,Yes,Yes,Yes,Other,2025-Q4,748.0,1580
SLCM_0463,0,1,No,1150.0,Full-time employment,Employed,No,Yes,Yes,Unexpected expense,2025-Q1,964.0,7000
SLCM_0464,1,0,No,10.0,Child support,Unemployed but want to find work,No,I don't know,No,Other,2026-Q3,1000.0,500
SLCM_0465,1,0,No,0.0,No income,"Employed, but need more hours and/or different work",No,Yes,Yes,Lost a job/had hours cut,2025-Q1,852.0,1539
SLCM_0466,1,2,No,1500.0,"Part-time employment, Social Security - SSI/SSDI, Food benefits - TANF/SNAP","Employed, but need more hours and/or different work",No,I don't know,Yes,Lost a job/had hours cut,2026-Q2,1000.0,50
SLCM_0467,2,2,No,0.0,"Food benefits - TANF/SNAP, No income",Unemployed but want to find work,Yes,I don't know,Yes,Lost a job/had hours cut,2026-Q2,784.0,805
SLCM_0468,0,0,No,1000.0,Part-time employment,Employed,No,I don't know,Yes,Lost a job/had hours cut,2026-Q1,800.0,1200
SLCM_0469,1,0,No,0.0,No income,Unemployed but want to find work,No,Yes,Yes,Lost a job/had hours cut,2025-Q4,925.0,1281
SLCM_0470,1,0,No,600.0,Part-time employment,"Employed, but need more hours and/or different work",No,Yes,No,Lost a job/had hours cut,2025-Q1,520.0,1025
SLCM_0471,2,0,No,1400.0,Full-time employment,Unemployed but want to find work,No,Yes,Yes,Lost a job/had hours cut,2025-Q1,800.0,1600
SLCM_0472,2,3,No,0.0,No income,Unemployed but want to find work,No,Yes,No,Lost a job/had hours cut,2026-Q3,1095.0,2643
SLCM_0473,1,1,No,0.0,"Food benefits - TANF/SNAP, No income, Other",Unemployed but want to find work,No,Yes,No,Have to pay other debt,2025-Q4,0.0,823
SLCM_0474,1,0,No,1200.0,Part-time employment,"Employed, but need more hours and/or different work",No,I don't know,No,Rent increase,2026-Q2,1145.0,200
SLCM_0475,0,0,No,0.0,Other,Unemployed but want to find work,No,Yes,I don't know,Other,2024-Q4,1920.0,1181.39
SLCM_0476,2,1,No,,"Part-time employment, Food benefits - TANF/SNAP",Unemployed but want to find work,No,I don't know,Yes,Lost a job/had hours cut,2026-Q3,1115.0,800
SLCM_0477,2,1,Yes,3218.0,"Part-time employment, Food benefits - TANF/SNAP","Employed, but need more hours and/or different work",No,I don't know,No,Unexpected expense,2024-Q4,623.0,1869
SLCM_0478,1,0,No,0.0,"Food benefits - TANF/SNAP, No income",Unemployed but want to find work,No,Yes,No,Lost a job/had hours cut,2025-Q3,1600.0,4000
SLCM_0479,3,3,No,4000.0,"Part-time employment, Social Security - SSI/SSDI, Food benefits - TANF/SNAP",Employed,No,Yes,No,Rent increase,2024-Q4,2400.0,5555
SLCM_0480,2,2,No,994.0,Other,"Employed, but need more hours and/or different work",No,I don't know,Yes,Lost a job/had hours cut,2026-Q1,1055.0,350
SLCM_0481,1,2,No,1988.0,Social Security - SSI/SSDI,Other,No,I don't know,No,Unexpected expense,2026-Q3,950.0,200
SLCM_0482,1,3,No,3000.0,Part-time employment,Employed,No,Yes,No,Lost a job/had hours cut,2025-Q1,1000.0,3200
SLCM_0483,1,0,No,200.0,No income,Unemployed but want to find work,No,Yes,Yes,Withheld rent because of problems with my housing,2026-Q1,200.0,2000
SLCM_0484,2,0,No,1280.0,Full-time employment,Employed,No,Yes,No,Lost a job/had hours cut,2025-Q2,925.0,3000
SLCM_0485,2,2,No,2000.0,"Full-time employment, Social Security - SSI/SSDI",Employed,No,Yes,Yes,Unexpected expense,2024-Q4,900.0,900
SLCM_0486,0,0,No,,No income,Unemployed but want to find work,No,Yes,Yes,Lost a job/had hours cut,2024-Q4,920.0,2135
SLCM_0487,1,4,No,2500.0,Full-time employment,Employed,No,Yes,No,Lost a job/had hours cut,2026-Q2,1570.0,5300
SLCM_0488,2,1,No,1000.0,Part-time employment,Unemployed but want to find work,No,Yes,Yes,Lost a job/had hours cut,2025-Q1,1039.0,1500
SLCM_0489,1,3,No,1200.0,Part-time employment,Unemployed but want to find work,No,Yes,No,Lost a job/had hours cut,2025-Q4,996.0,1121
SLCM_0490,3,2,No,0.0,No income,Unemployed but want to find work,No,Yes,Yes,Lost a job/had hours cut,2026-Q2,1075.0,2700
SLCM_0491,1,2,No,936.0,"Social Security - SSI/SSDI, Other",Unemployed but want to find work,No,I don't know,Yes,Rent increase,2026-Q3,850.0,850
SLCM_0492,1,0,No,200.0,Part-time employment,"Employed, but need more hours and/or different work",No,I don't know,No,Lost a job/had hours cut,2024-Q4,750.0,400
SLCM_0493,1,2,No,0.0,No income,Unemployed but want to find work,No,Yes,Yes,Lost a job/had hours cut,2026-Q1,1025.0,2500
SLCM_0494,1,0,No,0.0,No income,Unemployed but want to find work,No,Yes,Yes,Lost a job/had hours cut,2025-Q1,1300.0,2500
SLCM_0495,2,0,No,,Food benefits - TANF/SNAP,"Employed, but need more hours and/or different work",Yes,I don't know,No,Other,2025-Q1,90.0,390
SLCM_0496,2,0,No,3162.0,Full-time employment,Employed,No,Yes,Yes,Other,2025-Q4,1192.0,3769
SLCM_0497,1,0,No,,No income,Unemployed but want to find work,No,Yes,No,Other,2024-Q4,0.0,0
SLCM_0498,1,0,No,0.0,No income,Unemployed but want to find work,No,Yes,No,Lost a job/had hours cut,2024-Q4,742.0,980
SLCM_0499,3,2,No,2200.0,"Full-time employment, Social Security - SSI/SSDI",Employed,No,I don't know,No,Withheld rent because of problems with my housing,2026-Q2,895.0,3000
SLCM_0500,1,0,No,0.0,No income,Unemployed but want to find work,No,Yes,No,Unexpected expense,2026-Q2,700.0,3200
SLCM_0501,1,3,No,1200.0,"Part-time employment, Other","Employed, but need more hours and/or different work",No,Yes,Yes,Lost a job/had hours cut,2026-Q1,1200.0,2376
SLCM_0502,2,1,No,1924.0,"Social Security - SSI/SSDI, Food benefits - TANF/SNAP",Other,Yes,Yes,Yes,Unexpected expense,2026-Q2,264.0,4000
SLCM_0503,2,0,No,2400.0,"Full-time employment, Unemployment benefits, Other",Unemployed but want to find work,No,Yes,Yes,Lost a job/had hours cut,2025-Q4,675.0,2440
SLCM_0504,2,0,No,1000.0,Part-time employment,"Employed, but need more hours and/or different work",No,Yes,No,Other,2026-Q3,1470.0,4000
SLCM_0505,2,0,No,546.0,"Food benefits - TANF/SNAP, No income",Unemployed but want to find work,No,Yes,,,2026-Q1,400.0,1200
SLCM_0506,0,0,No,0.0,No income,Unemployed but want to find work,No,I don't know,No,Lost a job/had hours cut,2026-Q1,600.0,1200
SLCM_0507,1,0,No,0.0,No income,Unemployed but want to find work,No,Yes,Yes,Lost a job/had hours cut,2024-Q4,800.0,2400
SLCM_0508,2,0,Yes,3248.0,Social Security - SSI/SSDI,Other,No,I don't know,I don't know,Have to pay other debt,2026-Q3,1288.0,800
SLCM_0509,0,1,No,1700.0,Part-time employment,"Employed, but need more hours and/or different work",No,Yes,No,Lost a job/had hours cut,2025-Q4,900.0,1000
SLCM_0510,5,4,No,2000.0,Other,"Employed, but need more hours and/or different work",No,Yes,Yes,Other,2026-Q3,1070.0,4000
SLCM_0511,0,1,No,0.0,Food benefits - TANF/SNAP,Unemployed but want to find work,No,Yes,No,Withheld rent because of problems with my housing,2025-Q1,1150.0,6016
SLCM_0512,1,3,No,0.0,No income,Unemployed but want to find work,Yes,Yes,Yes,Lost a job/had hours cut,2025-Q1,404.0,1091
SLCM_0513,3,5,No,1900.0,"Social Security - SSI/SSDI, Food benefits - TANF/SNAP",Unemployed and not looking for work,No,I don't know,,,2025-Q1,600.0,0
SLCM_0514,0,0,No,0.0,"Food benefits - TANF/SNAP, No income",Unemployed but want to find work,Yes,I don't know,Yes,Other,2026-Q2,900.0,0
SLCM_0515,2,2,No,,"Social Security - SSI/SSDI, Food benefits - TANF/SNAP",Unemployed but want to find work,No,I don't know,Yes,Lost a job/had hours cut,2025-Q1,1500.0,3000
SLCM_0516,1,0,No,467.0,Part-time employment,"Employed, but need more hours and/or different work",No,I don't know,No,Lost a job/had hours cut,2025-Q4,1475.0,1475
SLCM_0517,2,0,No,1500.0,Part-time employment,"Employed, but need more hours and/or different work",No,Yes,No,Withheld rent because of problems with my housing,2025-Q2,850.0,4076
SLCM_0518,0,2,No,2600.0,"Full-time employment, Food benefits - TANF/SNAP",Employed,No,Yes,No,Unexpected expense,2025-Q2,1300.0,4500
SLCM_0519,1,0,No,1770.0,Social Security - SSI/SSDI,Other,Yes,I don't know,Yes,,2025-Q4,756.0,0
SLCM_0520,2,3,No,3345.0,"Part-time employment, Food benefits - TANF/SNAP","Employed, but need more hours and/or different work",No,I don't know,Yes,Rent increase,2026-Q2,545.0,545
SLCM_0521,1,1,No,0.0,Child support,Unemployed but want to find work,No,Yes,I don't know,Other,2025-Q4,1050.0,0
SLCM_0522,1,0,No,2800.0,Full-time employment,Employed,No,Yes,No,Unexpected expense,2025-Q1,1085.0,3017.13
SLCM_0523,1,4,No,4676.0,"Full-time employment, Social Security - SSI/SSDI",Employed,No,I don't know,No,Have to pay other debt,2025-Q1,1295.0,5000
SLCM_0524,3,1,No,1988.0,Social Security - SSI/SSDI,Other,No,I don't know,Yes,Lost a job/had hours cut,2026-Q3,1190.0,1480
SLCM_0525,2,1,No,1500.0,"Full-time employment, Food benefits - TANF/SNAP",Employed,No,Yes,No,Have to pay other debt,2025-Q3,400.0,2300
SLCM_0526,1,0,No,0.0,"Food benefits - TANF/SNAP, No income",Other,No,Yes,No,Lost a job/had hours cut,2025-Q4,575.0,615
SLCM_0527,3,1,No,4000.0,Full-time employment,Employed,No,Yes,No,Unexpected expense,2025-Q2,1250.0,4000
SLCM_0528,1,0,No,968.0,Social Security - SSI/SSDI,Unemployed but want to find work,Yes,I don't know,No,Unexpected expense,2026-Q1,1250.0,750
SLCM_0529,1,2,No,5000.0,Full-time employment,Employed,No,I don't know,I don't know,Unexpected expense,2024-Q4,1599.0,1660
SLCM_0530,4,5,No,967.0,"Social Security - SSI/SSDI, Food benefits - TANF/SNAP",Other,No,Yes,No,Other,2025-Q4,750.0,2030
SLCM_0531,3,1,No,1294.0,"Child support, Social Security - SSI/SSDI",Other,No,Yes,No,Other,2026-Q1,1060.0,2140
SLCM_0532,1,0,No,400.0,Part-time employment,"Employed, but need more hours and/or different work",No,Yes,No,Lost a job/had hours cut,2026-Q1,750.0,2250
SLCM_0533,1,1,No,2000.0,"Full-time employment, Social Security - SSI/SSDI",Employed,I don't know,Yes,No,Withheld rent because of problems with my housing,2025-Q1,740.0,5500
SLCM_0534,1,2,No,0.0,"Food benefits - TANF/SNAP, No income",Unemployed but want to find work,No,Yes,No,Other,2025-Q3,0.0,0
SLCM_0535,0,2,No,,No income,Unemployed but want to find work,No,Yes,No,Lost a job/had hours cut,2025-Q2,1150.0,2300
SLCM_0536,1,1,No,0.0,No income,Unemployed but want to find work,No,Yes,No,Lost a job/had hours cut,2025-Q3,1109.0,4354
SLCM_0537,0,0,No,0.0,No income,Unemployed but want to find work,No,Yes,No,Lost a job/had hours cut,2026-Q2,1380.0,2109.63
SLCM_0538,2,1,No,1200.0,"Part-time employment, Food benefits - TANF/SNAP, No income",Unemployed but want to find work,No,Yes,Yes,Other,2025-Q1,1000.0,3000
SLCM_0539,1,0,No,0.0,No income,Unemployed but want to find work,Yes,Yes,Yes,Other,2025-Q4,0.0,586
SLCM_0540,1,0,Yes,1013.0,"Social Security - SSI/SSDI, Pension",Unemployed and not looking for work,Yes,Yes,No,Other,2025-Q4,112.0,0
SLCM_0541,3,0,No,1200.0,Other,Unemployed and not looking for work,No,Yes,No,Other,2025-Q1,700.0,700
SLCM_0542,1,2,No,2000.0,Full-time employment,Employed,No,I don't know,No,Lost a job/had hours cut,2024-Q4,1000.0,1500
SLCM_0543,1,0,No,1387.0,Full-time employment,Employed,No,I don't know,Yes,Other,2026-Q3,1348.0,3000
SLCM_0544,1,0,No,0.0,No income,Unemployed but want to find work,No,I don't know,Yes,Lost a job/had hours cut,2024-Q4,1200.0,1200
SLCM_0545,1,0,No,2000.0,"Full-time employment, Part-time employment",Employed,No,I don't know,No,Other,2025-Q4,1183.0,3000
SLCM_0546,0,2,No,2000.0,Part-time employment,Employed,No,I don't know,No,Lost a job/had hours cut,2025-Q2,1300.0,1500
SLCM_0547,0,0,No,0.0,No income,Unemployed but want to find work,No,Yes,Yes,Lost a job/had hours cut,2026-Q1,1281.0,1700
SLCM_0548,1,1,No,0.0,No income,Unemployed but want to find work,No,Yes,No,Unexpected expense,2025-Q1,550.0,1200
SLCM_0549,1,1,No,356.0,"Part-time employment, Social Security - SSI/SSDI, Food benefits - TANF/SNAP","Employed, but need more hours and/or different work",No,I don't know,No,Other,2026-Q2,1050.0,1917
SLCM_0550,3,2,No,0.0,Food benefits - TANF/SNAP,Unemployed but want to find work,No,Yes,No,Other,2025-Q3,1295.0,4000
SLCM_0551,2,1,No,,Full-time employment,Employed,No,Yes,Yes,Unexpected expense,2026-Q3,850.0,3000
SLCM_0552,1,2,No,1260.0,Other,Unemployed but want to find work,No,Yes,No,Withheld rent because of problems with my housing,2026-Q2,1260.0,1630
SLCM_0553,5,4,No,1000.0,"Part-time employment, Food benefits - TANF/SNAP","Employed, but need more hours and/or different work",No,Yes,No,Lost a job/had hours cut,2026-Q1,0.0,1793
SLCM_0554,1,2,No,0.0,No income,Unemployed but want to find work,No,I don't know,No,Lost a job/had hours cut,2026-Q2,1200.0,1200
SLCM_0555,1,2,No,994.0,Social Security - SSI/SSDI,"Employed, but need more hours and/or different work",Yes,Yes,No,Unexpected expense,2026-Q1,300.0,2661
SLCM_0556,5,3,No,0.0,No income,Unemployed but want to find work,No,Yes,Yes,Lost a job/had hours cut,2025-Q2,400.0,800
SLCM_0557,1,1,No,4200.0,Full-time employment,Employed,No,Yes,Yes,Unexpected expense,2026-Q2,1500.0,5619
SLCM_0558,1,0,No,2165.0,Other,Other,No,Yes,No,Other,2026-Q3,908.0,1566
SLCM_0559,1,0,No,0.0,No income,Unemployed but want to find work,No,Yes,Yes,Lost a job/had hours cut,2025-Q1,550.0,2000
SLCM_0560,0,0,No,2000.0,Full-time employment,Employed,No,Yes,No,Unexpected expense,2025-Q1,1100.0,1286
SLCM_0561,1,4,No,0.0,No income,Unemployed but want to find work,No,Yes,No,Lost a job/had hours cut,2026-Q2,970.0,2910
SLCM_0562,1,0,No,1400.0,Unemployment benefits,Unemployed but want to find work,No,I don't know,Yes,Lost a job/had hours cut,2025-Q3,885.0,1900
SLCM_0563,1,0,No,2800.0,Full-time employment,Employed,No,I don't know,No,Other,2025-Q3,855.0,1849
SLCM_0564,1,0,Yes,388.9,Social Security - SSI/SSDI,Unemployed but want to find work,No,Yes,No,Unexpected expense,2025-Q1,560.0,3000
SLCM_0565,5,2,No,0.0,"Full-time employment, No income",Unemployed but want to find work,No,Yes,No,Lost a job/had hours cut,2026-Q1,0.0,1500
SLCM_0566,2,0,No,,No income,Unemployed and not looking for work,No,Yes,No,Lost a job/had hours cut,2025-Q1,1040.0,3500
SLCM_0567,1,0,No,0.0,"Food benefits - TANF/SNAP, No income",Unemployed but want to find work,No,Yes,Yes,Lost a job/had hours cut,2025-Q1,700.0,1270.5
SLCM_0568,1,2,No,1700.0,"Food benefits - TANF/SNAP, Other",Unemployed but want to find work,Yes,Yes,Yes,Withheld rent because of problems with my housing,2025-Q2,1564.0,3776
SLCM_0569,2,0,No,2200.0,"Part-time employment, Social Security - SSI/SSDI","Employed, but need more hours and/or different work",No,I don't know,No,Lost a job/had hours cut,2025-Q4,1000.0,600
SLCM_0570,1,4,No,300.0,Other,"Employed, but need more hours and/or different work",No,Yes,No,Lost a job/had hours cut,2025-Q4,1550.0,9300
SLCM_0571,2,3,No,5126.0,"Full-time employment, Child support",Employed,No,Yes,Yes,Other,2026-Q1,1501.67,6800
SLCM_0572,4,0,No,1698.62,"Full-time employment, Food benefits - TANF/SNAP, No income",Employed,No,Yes,No,Other,2026-Q2,1124.0,5249.28
SLCM_0573,1,3,No,665.0,"Child support, Social Security - SSI/SSDI, Food benefits - TANF/SNAP",Unemployed but want to find work,No,Yes,Yes,Lost a job/had hours cut,2025-Q4,1280.0,4490
SLCM_0574,1,2,No,2400.0,Full-time employment,"Employed, but need more hours and/or different work",No,I don't know,No,Unexpected expense,2026-Q1,1404.0,4362
SLCM_0575,1,3,No,2550.0,"Part-time employment, Food benefits - TANF/SNAP",Unemployed but want to find work,No,Yes,Yes,Withheld rent because of problems with my housing,2025-Q2,650.0,0
SLCM_0576,2,1,No,424.0,No income,Unemployed but want to find work,No,Yes,Yes,Other,2025-Q4,1480.0,5200
SLCM_0577,1,0,No,0.0,No income,Unemployed but want to find work,No,I don't know,Yes,Other,2025-Q2,895.0,3000
SLCM_0578,2,1,No,4000.0,Full-time employment,Employed,No,Yes,No,Lost a job/had hours cut,2026-Q1,1488.0,5200
SLCM_0579,2,2,No,2400.0,Full-time employment,Unemployed but want to find work,No,Yes,No,Rent increase,2025-Q3,0.0,2700
SLCM_0580,1,0,No,0.0,No income,Unemployed and not looking for work,Yes,I don't know,No,Other,2025-Q1,20.0,800
SLCM_0581,2,0,No,3200.0,"Full-time employment, Part-time employment",Employed,No,I don't know,No,Lost a job/had hours cut,2026-Q2,1000.0,2000
SLCM_0582,2,0,No,1300.0,"Full-time employment, No income",Unemployed but want to find work,No,Yes,No,Lost a job/had hours cut,2025-Q1,725.0,4100
SLCM_0583,1,0,No,3392.0,Full-time employment,Employed,No,I don't know,Yes,Lost a job/had hours cut,2026-Q2,895.0,1790
SLCM_0584,1,4,No,0.0,"Food benefits - TANF/SNAP, No income",Unemployed but want to find work,No,Yes,No,Lost a job/had hours cut,2026-Q2,1095.0,2000
SLCM_0585,1,1,No,240.0,"Child support, No income",Unemployed and not looking for work,No,Yes,No,Other,2026-Q2,1300.0,2045
SLCM_0586,2,1,Yes,1800.0,Social Security - SSI/SSDI,Unemployed and not looking for work,Yes,I don't know,Yes,Unexpected expense,2026-Q3,390.0,390
SLCM_0587,1,1,No,1000.0,Part-time employment,"Employed, but need more hours and/or different work",No,I don't know,No,Unexpected expense,2025-Q3,1269.0,1500
SLCM_0588,3,0,No,200.0,Other,Unemployed and not looking for work,No,Yes,Yes,Lost a job/had hours cut,2025-Q2,825.0,4950
SLCM_0589,0,1,No,1000.0,"Full-time employment, Food benefits - TANF/SNAP","Employed, but need more hours and/or different work",No,Yes,No,Lost a job/had hours cut,2025-Q1,381.0,3448.05
SLCM_0590,5,4,No,3500.0,Full-time employment,Employed,No,Yes,No,Other,2025-Q2,1250.0,2500
SLCM_0591,2,1,No,400.0,"Full-time employment, Other",Employed,No,Yes,No,Withheld rent because of problems with my housing,2025-Q4,800.0,4000
SLCM_0592,2,2,No,1500.0,Full-time employment,Employed,No,Yes,No,Lost a job/had hours cut,2025-Q1,1200.0,3025
SLCM_0593,1,0,No,0.0,No income,Unemployed but want to find work,No,Yes,Yes,Lost a job/had hours cut,2025-Q1,900.0,2700
SLCM_0594,2,2,No,3600.0,"Full-time employment, Social Security - SSI/SSDI",Employed,Yes,Yes,No,Unexpected expense,2025-Q1,1075.0,6900
SLCM_0595,2,1,No,3600.0,"Full-time employment, Social Security - SSI/SSDI",Employed,No,I don't know,No,Unexpected expense,2025-Q2,975.45,1075.45
SLCM_0596,4,3,No,1660.0,Full-time employment,"Employed, but need more hours and/or different work",No,Yes,No,Other,2024-Q4,1660.0,3320
SLCM_0597,1,1,No,956.0,Social Security - SSI/SSDI,Other,No,I don't know,No,Other,2025-Q4,650.0,0
SLCM_0598,1,0,No,1000.0,"Social Security - SSI/SSDI, Food benefits - TANF/SNAP",Unemployed but want to find work,No,Yes,No,,2026-Q2,300.0,0
SLCM_0599,0,0,No,118.0,"No income, Other",Other,Yes,Yes,No,Other,2025-Q3,736.0,0
SLCM_0600,2,2,No,3000.0,Full-time employment,Employed,No,Yes,No,Unexpected expense,2025-Q1,1383.0,2995
SLCM_0601,1,2,No,0.0,"Food benefits - TANF/SNAP, No income",Unemployed but want to find work,No,Yes,Yes,Lost a job/had hours cut,2026-Q1,1125.0,4125
SLCM_0602,1,1,No,1200.0,Full-time employment,Employed,Yes,I don't know,No,Other,2025-Q1,572.0,5500
SLCM_0603,1,1,No,2100.0,Full-time employment,"Employed, but need more hours and/or different work",No,Yes,No,Unexpected expense,2026-Q2,920.0,1200
SLCM_0604,0,0,No,0.0,No income,Unemployed but want to find work,No,Yes,Yes,Lost a job/had hours cut,2025-Q4,700.0,600
SLCM_0605,1,0,No,1500.0,Part-time employment,"Employed, but need more hours and/or different work",No,Yes,No,Have to pay other debt,2026-Q3,730.0,826
SLCM_0606,1,0,No,800.0,Full-time employment,"Employed, but need more hours and/or different work",No,I don't know,No,Unexpected expense,2025-Q3,800.0,1600
SLCM_0607,3,1,No,,"Full-time employment, Food benefits - TANF/SNAP",Employed,No,I don't know,No,Lost a job/had hours cut,2025-Q1,1790.0,4298.47
SLCM_0608,4,2,No,1200.0,"Part-time employment, Food benefits - TANF/SNAP",Employed,No,Yes,I don't know,Other,2025-Q3,910.0,2600
SLCM_0609,2,1,No,300.0,Other,Other,No,Yes,Yes,Unexpected expense,2025-Q3,600.0,700
SLCM_0610,2,2,No,3236.0,"Part-time employment, Social Security - SSI/SSDI","Employed, but need more hours and/or different work",No,Yes,Yes,Lost a job/had hours cut,2026-Q3,176.0,898
SLCM_0611,2,0,Yes,,Social Security - SSI/SSDI,Unemployed and not looking for work,No,Yes,No,Other,2025-Q2,950.0,2000
SLCM_0612,2,1,No,,Full-time employment,Employed,Yes,I don't know,Yes,Rent increase,2025-Q2,1255.0,2626
SLCM_0613,0,0,Yes,1105.0,Social Security - SSI/SSDI,Other,No,Yes,I don't know,Withheld rent because of problems with my housing,2025-Q2,1289.0,690
SLCM_0614,1,0,No,0.0,No income,Unemployed but want to find work,No,I don't know,I don't know,Lost a job/had hours cut,2025-Q1,1060.0,2500
SLCM_0615,1,0,No,920.0,Full-time employment,Employed,No,Yes,I don't know,Lost a job/had hours cut,2025-Q3,839.0,1017
SLCM_0616,1,2,No,,"Part-time employment, Food benefits - TANF/SNAP",Unemployed but want to find work,No,I don't know,No,Lost a job/had hours cut,2024-Q4,1350.0,3800
SLCM_0617,1,1,No,,Full-time employment,"Employed, but need more hours and/or different work",No,Yes,No,Lost a job/had hours cut,2025-Q1,720.0,1600
SLCM_0618,1,0,No,943.0,"Social Security - SSI/SSDI, Food benefits - TANF/SNAP",Unemployed but want to find work,No,Yes,No,Unexpected expense,2024-Q4,1300.0,4000
SLCM_0619,1,0,No,2000.0,Part-time employment,Employed,No,Yes,Yes,Unexpected expense,2026-Q2,1013.0,1013
SLCM_0620,3,1,No,0.0,No income,Unemployed but want to find work,No,Yes,Yes,Lost a job/had hours cut,2025-Q1,975.0,1735
SLCM_0621,1,0,No,0.0,No income,Unemployed but want to find work,No,Yes,No,Lost a job/had hours cut,2025-Q1,1765.0,3780
SLCM_0622,1,0,No,600.0,Part-time employment,Other,No,I don't know,No,Lost a job/had hours cut,2026-Q1,720.0,680
SLCM_0623,1,0,No,0.0,Part-time employment,"Employed, but need more hours and/or different work",Yes,Yes,No,Lost a job/had hours cut,2026-Q2,873.0,11
SLCM_0624,1,2,No,380.0,"Child support, Food benefits - TANF/SNAP",Unemployed but want to find work,No,Yes,No,Lost a job/had hours cut,2026-Q2,1013.0,2475
SLCM_0625,1,1,No,0.0,Full-time employment,"Employed, but need more hours and/or different work",Yes,Yes,Yes,Lost a job/had hours cut,2026-Q1,540.0,2310
SLCM_0626,1,1,No,3000.0,Full-time employment,"Employed, but need more hours and/or different work",No,Yes,Yes,Withheld rent because of problems with my housing,2024-Q4,0.0,3000
SLCM_0627,1,2,No,1600.0,"Part-time employment, Food benefits - TANF/SNAP",Employed,No,I don't know,Yes,Lost a job/had hours cut,2025-Q4,1200.0,1200
SLCM_0628,1,0,No,,Full-time employment,"Employed, but need more hours and/or different work",No,Yes,Yes,Other,2025-Q1,783.0,1300
SLCM_0629,1,4,No,498.0,Food benefits - TANF/SNAP,Unemployed but want to find work,No,I don't know,Yes,Other,2026-Q3,1325.0,4406
SLCM_0630,1,3,No,0.0,No income,Unemployed but want to find work,No,I don't know,Yes,Lost a job/had hours cut,2025-Q3,1000.0,1000
SLCM_0631,1,0,No,1245.0,Social Security - SSI/SSDI,Other,No,I don't know,Yes,Change to public benefits,2025-Q2,1200.0,1200
SLCM_0632,1,0,No,,"Social Security - SSI/SSDI, Food benefits - TANF/SNAP, No income",Unemployed and not looking for work,No,Yes,Yes,Rent increase,2024-Q4,1200.0,2400
SLCM_0633,2,0,No,2000.0,Full-time employment,"Employed, but need more hours and/or different work",No,I don't know,No,Lost a job/had hours cut,2025-Q1,800.0,3000
SLCM_0634,3,0,No,3200.0,Full-time employment,Employed,No,Yes,No,Unexpected expense,2026-Q2,1700.0,5640
SLCM_0635,1,3,No,1900.0,Full-time employment,Employed,No,Yes,I don't know,Unexpected expense,2026-Q2,1100.0,1500
SLCM_0636,2,1,No,2000.0,Part-time employment,"Employed, but need more hours and/or different work",No,I don't know,No,Lost a job/had hours cut,2026-Q1,850.0,6000
SLCM_0637,1,2,No,,Food benefits - TANF/SNAP,Unemployed but want to find work,Yes,Yes,Yes,Lost a job/had hours cut,2025-Q2,516.0,1550
SLCM_0638,1,3,No,3000.0,Full-time employment,Employed,No,Yes,No,Unexpected expense,2026-Q3,795.0,680
SLCM_0639,2,0,No,0.0,Food benefits - TANF/SNAP,Unemployed but want to find work,No,Yes,No,Lost a job/had hours cut,2025-Q4,940.0,750
SLCM_0640,2,1,No,200.0,"Food benefits - TANF/SNAP, Other",Unemployed but want to find work,No,Yes,Yes,Lost a job/had hours cut,2025-Q2,1100.0,8600
SLCM_0641,2,0,No,392.0,Food benefits - TANF/SNAP,Unemployed but want to find work,No,Yes,No,Other,2025-Q2,800.0,3000
SLCM_0642,1,0,No,1659.0,Social Security - SSI/SSDI,Unemployed but want to find work,No,I don't know,Yes,Unexpected expense,2026-Q2,1016.0,665
SLCM_0643,1,0,No,950.0,Social Security - SSI/SSDI,Other,Yes,I don't know,I don't know,Other,2026-Q1,267.0,801
SLCM_0644,2,0,Yes,950.0,"Social Security - SSI/SSDI, No income",Unemployed but want to find work,No,Yes,No,Other,2025-Q2,950.0,3000
SLCM_0645,2,1,No,,No income,Other,No,I don't know,Yes,Other,2025-Q1,700.0,1400
SLCM_0646,2,0,No,2000.0,Social Security - SSI/SSDI,Unemployed and not looking for work,No,I don't know,,Other,2026-Q2,864.0,864
SLCM_0647,2,2,No,,"Full-time employment, Part-time employment, No income",Unemployed but want to find work,No,Yes,No,Withheld rent because of problems with my housing,2025-Q2,1400.0,2800
SLCM_0648,1,2,No,0.0,"Food benefits - TANF/SNAP, No income",Unemployed but want to find work,No,I don't know,Yes,Lost a job/had hours cut,2026-Q3,1402.0,2525
SLCM_0649,1,1,No,0.0,No income,Unemployed but want to find work,No,I don't know,Yes,Lost a job/had hours cut,2026-Q3,1100.0,1500
SLCM_0650,2,1,No,0.0,Food benefits - TANF/SNAP,Unemployed but want to find work,No,I don't know,No,Lost a job/had hours cut,2025-Q4,1000.0,1150
SLCM_0651,1,4,No,1800.0,Full-time employment,Employed,No,Yes,No,Unexpected expense,2025-Q2,1250.0,1630
SLCM_0652,1,0,No,1500.0,"Part-time employment, Food benefits - TANF/SNAP","Employed, but need more hours and/or different work",No,I don't know,No,Lost a job/had hours cut,2026-Q3,962.0,1006
SLCM_0653,1,1,No,0.0,No income,Unemployed but want to find work,No,Yes,No,Lost a job/had hours cut,2025-Q1,1293.0,4079
SLCM_0654,2,0,No,3200.0,Full-time employment,Unemployed but want to find work,No,Yes,No,Lost a job/had hours cut,2025-Q1,1040.0,13000
SLCM_0655,3,0,No,5000.0,Full-time employment,Employed,No,Yes,I don't know,Withheld rent because of problems with my housing,2025-Q4,936.0,936
SLCM_0656,1,0,No,0.0,No income,Unemployed but want to find work,No,Yes,No,Lost a job/had hours cut,2024-Q4,700.0,2805.3
SLCM_0657,2,0,No,0.0,Food benefits - TANF/SNAP,"Employed, but need more hours and/or different work",No,I don't know,I don't know,Lost a job/had hours cut,2025-Q3,1100.0,500
SLCM_0658,1,2,No,915.0,Full-time employment,Employed,No,I don't know,Yes,Unexpected expense,2026-Q3,915.0,2000
SLCM_0659,1,2,No,1375.0,"Child support, Social Security - SSI/SSDI, Food benefits - TANF/SNAP",Other,No,Yes,No,Unexpected expense,2026-Q1,1300.0,1922
SLCM_0660,1,0,Yes,893.0,Social Security - SSI/SSDI,Unemployed and not looking for work,No,Yes,Yes,Change to public benefits,2025-Q3,800.0,1600
SLCM_0661,1,2,No,900.0,Social Security - SSI/SSDI,Unemployed but want to find work,No,Yes,I don't know,Other,2026-Q3,900.0,0
SLCM_0662,2,2,No,0.0,Food benefits - TANF/SNAP,Unemployed but want to find work,No,I don't know,Yes,Lost a job/had hours cut,2026-Q1,1100.0,3360
SLCM_0663,1,1,No,0.0,"Food benefits - TANF/SNAP, No income",Unemployed and not looking for work,No,Yes,Yes,Lost a job/had hours cut,2026-Q2,2000.0,2000
SLCM_0664,3,2,No,0.0,Food benefits - TANF/SNAP,Unemployed but want to find work,No,Yes,Yes,Lost a job/had hours cut,2025-Q3,1300.0,1300
SLCM_0665,2,1,No,943.0,Social Security - SSI/SSDI,Unemployed and not looking for work,No,Yes,No,Unexpected expense,2025-Q2,875.0,3500
SLCM_0666,1,0,No,0.0,No income,Other,Yes,I don't know,Yes,Lost a job/had hours cut,2026-Q3,925.0,900
SLCM_0667,1,0,No,2405.0,"Social Security - SSI/SSDI, Pension",Other,Yes,Yes,No,Unexpected expense,2025-Q4,3400.0,3400
SLCM_0668,1,0,No,4000.0,Full-time employment,Employed,No,Yes,No,Lost a job/had hours cut,2025-Q4,1095.0,2495
SLCM_0669,1,3,No,319.0,Child support,Unemployed but want to find work,No,I don't know,No,Lost a job/had hours cut,2026-Q1,1200.0,2000
SLCM_0670,2,1,No,984.0,"Social Security - SSI/SSDI, Food benefits - TANF/SNAP",Unemployed but want to find work,No,Yes,No,Other,2026-Q3,1500.0,6160
SLCM_0671,1,2,No,1988.0,Social Security - SSI/SSDI,Other,No,I don't know,No,Unexpected expense,2026-Q3,950.0,200
SLCM_0672,1,1,No,450.0,Child support,Unemployed but want to find work,Yes,I don't know,Yes,Lost a job/had hours cut,2025-Q2,217.0,1500
SLCM_0673,1,2,No,2000.0,Social Security - SSI/SSDI,Employed,No,I don't know,Yes,Other,2025-Q1,1500.0,4000
SLCM_0674,2,3,No,3000.0,"Full-time employment, Food benefits - TANF/SNAP",Employed,No,I don't know,Yes,Lost a job/had hours cut,2024-Q4,1310.0,2730
SLCM_0675,1,3,No,900.0,"Social Security - SSI/SSDI, Food benefits - TANF/SNAP",Unemployed but want to find work,No,Yes,Yes,Withheld rent because of problems with my housing,2026-Q3,943.0,3539
SLCM_0676,1,3,No,2600.0,"Full-time employment, Food benefits - TANF/SNAP",Employed,No,Yes,Yes,Unexpected expense,2026-Q1,576.0,7000
SLCM_0677,1,0,No,900.0,"Full-time employment, Food benefits - TANF/SNAP, No income","Employed, but need more hours and/or different work",No,Yes,Yes,Lost a job/had hours cut,2025-Q3,700.0,2889
SLCM_0678,1,3,No,1500.0,"Full-time employment, Child support, Food benefits - TANF/SNAP",Employed,No,I don't know,No,Lost a job/had hours cut,2026-Q1,1023.0,1073
SLCM_0679,2,1,No,2450.0,"Full-time employment, No income","Employed, but need more hours and/or different work",No,Yes,Yes,Withheld rent because of problems with my housing,2025-Q2,100.0,2198
SLCM_0680,1,2,No,0.0,No income,Unemployed but want to find work,No,Yes,Yes,Lost a job/had hours cut,2026-Q3,2000.0,7000
SLCM_0681,1,0,No,2000.0,"Full-time employment, Part-time employment",Employed,No,Yes,No,Lost a job/had hours cut,2025-Q4,928.0,2800
SLCM_0682,2,0,No,1014.0,"Social Security - SSI/SSDI, Food benefits - TANF/SNAP",Other,No,Yes,Yes,Other,2026-Q1,850.0,1800
SLCM_0683,2,1,No,0.0,"Food benefits - TANF/SNAP, No income",Unemployed but want to find work,No,Yes,Yes,Other,2025-Q2,850.0,3099
SLCM_0684,1,0,No,0.0,Other,Other,No,Yes,Yes,Lost a job/had hours cut,2026-Q3,1349.0,1469
SLCM_0685,1,0,No,2400.0,Full-time employment,"Employed, but need more hours and/or different work",No,Yes,Yes,Have to pay other debt,2025-Q1,1516.0,3506
SLCM_0686,1,0,Yes,2400.0,Full-time employment,Employed,No,Yes,Yes,Other,2025-Q3,1225.0,600
SLCM_0687,1,1,No,1300.0,"Part-time employment, Child support, Food benefits - TANF/SNAP",Unemployed but want to find work,No,Yes,Yes,Lost a job/had hours cut,2026-Q2,1625.0,3250
SLCM_0688,1,1,No,393.0,"Food benefits - TANF/SNAP, Other",Unemployed but want to find work,No,Yes,Yes,Withheld rent because of problems with my housing,2025-Q3,1100.0,5300
SLCM_0689,0,0,No,0.0,No income,Unemployed and not looking for work,No,Yes,Yes,Lost a job/had hours cut,2026-Q1,925.0,2000
SLCM_0690,2,1,Yes,770.0,Social Security - SSI/SSDI,Unemployed but want to find work,No,Yes,Yes,Lost a job/had hours cut,2026-Q1,1139.0,2911
SLCM_0691,1,2,No,421.0,Social Security - SSI/SSDI,Unemployed but want to find work,I don't know,Yes,No,Lost a job/had hours cut,2025-Q1,627.0,2900
SLCM_0692,6,4,No,0.0,"Food benefits - TANF/SNAP, No income",Unemployed but want to find work,I don't know,I don't know,Yes,Lost a job/had hours cut,2026-Q2,1500.0,1058
SLCM_0693,1,0,No,1600.0,"Social Security - SSI/SSDI, Food benefits - TANF/SNAP, Other",Other,No,Yes,No,Lost a job/had hours cut,2025-Q2,1150.0,2300
SLCM_0694,1,6,No,0.0,No income,Unemployed but want to find work,No,Yes,Yes,Lost a job/had hours cut,2026-Q1,1250.0,4222.9
SLCM_0695,1,2,No,341.0,"Child support, Food benefits - TANF/SNAP",Unemployed but want to find work,No,Yes,No,Unexpected expense,2025-Q4,650.0,1155
SLCM_0696,1,0,No,2000.0,Part-time employment,"Employed, but need more hours and/or different work",No,Yes,Yes,Lost a job/had hours cut,2025-Q4,800.0,1600
SLCM_0697,2,6,No,400.0,Food benefits - TANF/SNAP,Unemployed but want to find work,No,I don't know,I don't know,Lost a job/had hours cut,2024-Q4,700.0,2200
SLCM_0698,1,1,No,200.0,"Full-time employment, Food benefits - TANF/SNAP",Other,No,Yes,I don't know,Other,2025-Q1,1700.0,7000
SLCM_0699,1,0,No,0.0,"Food benefits - TANF/SNAP, No income",Unemployed but want to find work,No,Yes,Yes,Lost a job/had hours cut,2025-Q4,875.0,3000
SLCM_0700,1,0,No,3300.0,Full-time employment,"Employed, but need more hours and/or different work",No,Yes,Yes,Unexpected expense,2025-Q1,1014.95,3312.98
SLCM_0701,1,2,No,854.0,"Social Security - SSI/SSDI, Food benefits - TANF/SNAP",Unemployed but want to find work,No,Yes,Yes,Other,2026-Q3,135.0,250
SLCM_0702,1,1,No,0.0,"Food benefits - TANF/SNAP, No income",Unemployed but want to find work,No,Yes,No,Lost a job/had hours cut,2025-Q2,1300.01,962.1
SLCM_0703,2,0,No,0.0,No income,Unemployed but want to find work,No,Yes,No,Lost a job/had hours cut,2025-Q3,975.0,1930.86
SLCM_0704,1,0,No,0.0,No income,Unemployed but want to find work,No,I don't know,Yes,Lost a job/had hours cut,2026-Q1,1325.0,1325
SLCM_0705,0,0,No,0.0,No income,Unemployed but want to find work,No,Yes,No,Lost a job/had hours cut,2025-Q1,870.0,2000
SLCM_0706,1,0,No,1200.0,"Part-time employment, Food benefits - TANF/SNAP","Employed, but need more hours and/or different work",No,Yes,Yes,Lost a job/had hours cut,2025-Q4,685.0,1660
SLCM_0707,0,0,No,0.0,No income,Unemployed but want to find work,No,Yes,Yes,Lost a job/had hours cut,2025-Q1,1013.0,2700
SLCM_0708,1,1,No,1300.0,Social Security - SSI/SSDI,Unemployed but want to find work,No,Yes,No,Other,2025-Q2,567.0,1140
SLCM_0709,1,0,No,,"Part-time employment, No income","Employed, but need more hours and/or different work",No,Yes,I don't know,Lost a job/had hours cut,2025-Q1,700.0,775
SLCM_0710,1,1,No,2900.0,Full-time employment,"Employed, but need more hours and/or different work",No,Yes,No,Lost a job/had hours cut,2026-Q1,1169.0,3322
SLCM_0711,1,0,No,0.0,No income,Unemployed but want to find work,No,Yes,No,Lost a job/had hours cut,2024-Q4,1295.0,3205
SLCM_0712,1,3,No,2000.0,"Part-time employment, Food benefits - TANF/SNAP",Employed,No,I don't know,Yes,,2026-Q3,1100.0,0
SLCM_0713,1,1,No,2100.0,Full-time employment,"Employed, but need more hours and/or different work",No,Yes,No,Lost a job/had hours cut,2026-Q2,1350.0,2700
SLCM_0714,1,0,No,,Full-time employment,Employed,No,Yes,No,Lost a job/had hours cut,2026-Q2,1187.0,1187
SLCM_0715,3,0,No,1800.0,Full-time employment,Employed,No,Yes,Yes,Unexpected expense,2026-Q2,1060.0,3556.5
SLCM_0716,3,3,No,3300.0,"Full-time employment, Child support, Other",Employed,No,Yes,Yes,Lost a job/had hours cut,2025-Q4,1895.0,6200
SLCM_0717,1,1,No,0.0,No income,Unemployed but want to find work,No,Yes,No,Lost a job/had hours cut,2025-Q1,875.0,2222
SLCM_0718,2,3,No,800.0,Full-time employment,Unemployed and not looking for work,No,Yes,No,Other,2025-Q3,1395.0,3659
SLCM_0719,1,1,No,0.0,"Full-time employment, No income",Unemployed but want to find work,No,Yes,Yes,Lost a job/had hours cut,2025-Q3,1141.0,1463
SLCM_0720,1,0,No,0.0,No income,Unemployed but want to find work,No,Yes,Yes,Withheld rent because of problems with my housing,2025-Q1,1450.0,10560
SLCM_0721,1,2,No,2500.0,"Full-time employment, Child support",Employed,No,Yes,No,Withheld rent because of problems with my housing,2025-Q3,500.0,1200
SLCM_0722,2,1,No,2400.0,Full-time employment,"Employed, but need more hours and/or different work",No,Yes,Yes,Withheld rent because of problems with my housing,2025-Q4,850.0,0
SLCM_0723,2,0,No,2500.0,"Full-time employment, Social Security - SSI/SSDI",Other,No,Yes,Yes,Lost a job/had hours cut,2025-Q4,1200.0,7200
SLCM_0724,1,1,No,0.0,No income,"Employed, but need more hours and/or different work",No,Yes,No,Lost a job/had hours cut,2025-Q2,1150.0,3892.29
SLCM_0725,1,0,No,2600.0,Part-time employment,"Employed, but need more hours and/or different work",No,Yes,No,Lost a job/had hours cut,2026-Q2,1780.0,2460
SLCM_0726,3,2,No,1300.0,"Full-time employment, Part-time employment, Social Security - SSI/SSDI, Food benefits - TANF/SNAP","Employed, but need more hours and/or different work",No,Yes,No,Other,2025-Q1,1669.0,4900
SLCM_0727,1,0,No,0.0,No income,Unemployed but want to find work,No,Yes,Yes,Lost a job/had hours cut,2025-Q1,650.0,1300
SLCM_0728,2,0,No,3800.0,Full-time employment,Employed,No,I don't know,No,Lost a job/had hours cut,2026-Q1,1600.0,4800
SLCM_0729,1,0,No,1044.0,Social Security - SSI/SSDI,Unemployed and not looking for work,Yes,Yes,Yes,Unexpected expense,2024-Q4,236.0,1300
SLCM_0730,2,2,No,2800.0,Full-time employment,"Employed, but need more hours and/or different work",No,Yes,Yes,Unexpected expense,2025-Q1,1200.0,3800
SLCM_0731,1,1,No,2000.0,Full-time employment,"Employed, but need more hours and/or different work",No,Yes,No,Other,2024-Q4,1121.0,3834
SLCM_0732,1,1,No,1400.0,Social Security - SSI/SSDI,Unemployed and not looking for work,No,Yes,No,Other,2026-Q1,0.0,0
SLCM_0733,1,2,No,0.0,Food benefits - TANF/SNAP,Unemployed but want to find work,No,Yes,No,Lost a job/had hours cut,2025-Q3,1096.0,3000
SLCM_0734,1,3,No,0.0,"Food benefits - TANF/SNAP, No income",Unemployed but want to find work,I don't know,Yes,No,Withheld rent because of problems with my housing,2024-Q4,1433.0,2300
SLCM_0735,1,1,No,0.0,"Food benefits - TANF/SNAP, No income",Unemployed but want to find work,No,Yes,Yes,Lost a job/had hours cut,2026-Q1,1050.0,4700
SLCM_0736,1,0,No,1885.0,Social Security - SSI/SSDI,Other,No,Yes,No,Withheld rent because of problems with my housing,2025-Q1,950.0,7000
SLCM_0737,1,2,No,3000.0,Full-time employment,Employed,No,Yes,No,Unexpected expense,2024-Q4,990.0,3500
SLCM_0738,1,2,No,1400.0,Social Security - SSI/SSDI,Other,No,Yes,No,Other,2026-Q2,1200.0,1400
SLCM_0739,2,0,No,1200.0,Social Security - SSI/SSDI,Unemployed but want to find work,No,Yes,Yes,Other,2025-Q4,1300.0,30
SLCM_0740,2,0,No,2100.0,"Full-time employment, Part-time employment",Employed,No,I don't know,No,Rent increase,2025-Q1,1200.0,1500
SLCM_0741,1,2,No,2100.0,Part-time employment,"Employed, but need more hours and/or different work",No,Yes,No,Other,2025-Q2,1095.0,1095
SLCM_0742,0,0,Yes,0.0,"No income, Other",Other,Yes,I don't know,Yes,Other,2025-Q3,600.0,1800
SLCM_0743,3,2,No,1500.0,"Child support, Social Security - SSI/SSDI",Unemployed but want to find work,No,Yes,Yes,Have to pay other debt,2026-Q2,1185.0,585
SLCM_0744,1,0,No,16.75,Full-time employment,Employed,No,Yes,No,Lost a job/had hours cut,2025-Q4,975.0,4082
SLCM_0745,2,0,No,850.0,Social Security - SSI/SSDI,Other,No,Yes,No,,2025-Q3,850.0,1200
SLCM_0746,0,0,No,0.0,No income,Unemployed but want to find work,No,I don't know,No,Lost a job/had hours cut,2026-Q2,1100.0,2450
SLCM_0747,1,1,No,0.0,"Food benefits - TANF/SNAP, No income",Unemployed but want to find work,No,Yes,No,Lost a job/had hours cut,2025-Q3,950.0,3560
SLCM_0748,2,0,No,900.0,No income,Unemployed but want to find work,No,Yes,Yes,Lost a job/had hours cut,2025-Q3,1150.0,2300
SLCM_0749,1,1,No,,No income,Unemployed but want to find work,No,I don't know,Yes,Lost a job/had hours cut,2025-Q2,750.0,800
SLCM_0750,2,1,No,1000.0,Full-time employment,Employed,No,Yes,No,Other,2024-Q4,1121.0,3834
SLCM_0751,1,0,No,890.0,Social Security - SSI/SSDI,Unemployed and not looking for work,No,Yes,Yes,Withheld rent because of problems with my housing,2025-Q1,850.0,1650
SLCM_0752,1,0,No,,No income,Unemployed but want to find work,No,Yes,No,Lost a job/had hours cut,2025-Q2,650.0,3000
SLCM_0753,1,2,No,2200.0,Full-time employment,Employed,No,I don't know,No,,2024-Q4,1470.0,1470
SLCM_0754,1,0,No,1600.0,Full-time employment,Employed,No,I don't know,Yes,Lost a job/had hours cut,2026-Q3,1300.0,3400
SLCM_0755,1,2,No,1100.0,Part-time employment,Other,No,I don't know,Yes,Other,2024-Q4,0.0,0
SLCM_0756,1,0,No,0.0,"Food benefits - TANF/SNAP, No income, Other",Unemployed but want to find work,No,I don't know,No,Lost a job/had hours cut,2026-Q3,1064.0,1064
SLCM_0757,0,0,No,,No income,Unemployed but want to find work,No,Yes,No,Lost a job/had hours cut,2024-Q4,541.0,2325
SLCM_0758,2,0,No,1500.0,"Full-time employment, No income","Employed, but need more hours and/or different work",No,I don't know,Yes,Have to pay other debt,2024-Q4,1300.0,2050
SLCM_0759,1,0,No,0.0,No income,Unemployed but want to find work,No,I don't know,Yes,Lost a job/had hours cut,2025-Q2,400.0,470
SLCM_0760,2,0,No,0.0,No income,Unemployed and not looking for work,No,Yes,Yes,Unexpected expense,2025-Q3,1075.0,2589.34
SLCM_0761,1,3,No,400.0,"Child support, Food benefits - TANF/SNAP",Unemployed but want to find work,Yes,I don't know,Yes,Change to public benefits,2026-Q2,300.0,798
SLCM_0762,1,2,No,10000.0,"Full-time employment, Food benefits - TANF/SNAP",Employed,Yes,Yes,No,Have to pay other debt,2025-Q3,524.0,1158
SLCM_0763,1,2,No,2000.0,"Full-time employment, Food benefits - TANF/SNAP","Employed, but need more hours and/or different work",No,I don't know,No,Lost a job/had hours cut,2026-Q3,1211.0,2524
SLCM_0764,1,0,No,800.0,Unemployment benefits,Other,I don't know,Yes,No,Withheld rent because of problems with my housing,2024-Q4,274.0,4000
SLCM_0765,1,0,No,2074.0,Part-time employment,"Employed, but need more hours and/or different work",No,Yes,No,Unexpected expense,2026-Q2,1177.8,4300
SLCM_0766,2,3,No,800.0,Other,Other,No,I don't know,I don't know,Lost a job/had hours cut,2025-Q4,825.0,1459.45
SLCM_0767,2,0,No,1200.0,Food benefits - TANF/SNAP,Unemployed but want to find work,No,Yes,No,Lost a job/had hours cut,2025-Q2,1500.0,460
SLCM_0768,3,1,No,,Full-time employment,Employed,No,Yes,No,Other,2025-Q4,975.0,3000
SLCM_0769,1,0,Yes,662.0,Social Security - SSI/SSDI,Unemployed and not looking for work,Yes,Yes,No,Have to pay other debt,2026-Q2,1050.0,900
SLCM_0770,2,0,No,1800.0,Full-time employment,"Employed, but need more hours and/or different work",No,I don't know,Yes,Lost a job/had hours cut,2025-Q1,650.0,650
SLCM_0771,1,1,No,0.0,No income,Unemployed but want to find work,Yes,I don't know,Yes,Withheld rent because of problems with my housing,2026-Q1,0.0,2500
SLCM_0772,2,0,No,0.0,No income,Unemployed but want to find work,No,I don't know,Yes,Lost a job/had hours cut,2026-Q2,900.0,4500
SLCM_0773,2,1,No,2288.0,"Full-time employment, Food benefits - TANF/SNAP",Employed,No,I don't know,No,Other,2025-Q1,,0
SLCM_0774,1,0,No,0.0,No income,"Employed, but need more hours and/or different work",No,Yes,I don't know,Other,2026-Q1,1175.0,3525
SLCM_0775,1,2,No,0.0,No income,Unemployed but want to find work,No,Yes,No,Lost a job/had hours cut,2026-Q1,1022.0,1022
SLCM_0776,2,0,No,1646.0,Full-time employment,Employed,No,I don't know,Yes,Unexpected expense,2026-Q2,750.0,1800
SLCM_0777,1,0,No,0.0,Part-time employment,Employed,No,Yes,Yes,Lost a job/had hours cut,2025-Q3,1140.0,2940
SLCM_0778,1,2,No,2000.0,"Full-time employment, Food benefits - TANF/SNAP",Employed,No,Yes,No,Lost a job/had hours cut,2024-Q4,938.0,2117.17
SLCM_0779,1,0,No,1500.0,"Full-time employment, Social Security - SSI/SSDI",Employed,No,Yes,Yes,Other,2026-Q3,800.0,3100
SLCM_0780,3,0,No,654.0,Social Security - SSI/SSDI,Other,No,Yes,No,Rent increase,2025-Q3,700.0,3500
SLCM_0781,0,0,No,0.0,Food benefits - TANF/SNAP,Unemployed but want to find work,No,Yes,No,Lost a job/had hours cut,2025-Q1,500.0,750
SLCM_0782,3,2,No,644.0,"Social Security - SSI/SSDI, No income",Unemployed but want to find work,Yes,Yes,I don't know,Other,2025-Q3,200.0,900
SLCM_0783,1,0,No,2200.0,"Full-time employment, Social Security - SSI/SSDI",Employed,No,Yes,No,Unexpected expense,2026-Q2,950.0,4300
SLCM_0784,2,1,No,959.0,Social Security - SSI/SSDI,Other,No,Yes,Yes,Lost a job/had hours cut,2025-Q1,1080.0,3250
SLCM_0785,3,0,No,0.0,No income,Other,No,I don't know,Yes,Lost a job/had hours cut,2025-Q3,1200.0,1200
SLCM_0786,1,0,No,967.0,Social Security - SSI/SSDI,Other,No,Yes,Yes,Rent increase,2025-Q2,877.0,926
SLCM_0787,1,1,No,1800.0,"Part-time employment, Social Security - SSI/SSDI","Employed, but need more hours and/or different work",No,I don't know,No,Change to public benefits,2026-Q3,975.0,97.5
SLCM_0788,2,2,No,0.0,"Food benefits - TANF/SNAP, No income",Other,No,Yes,Yes,Change to public benefits,2025-Q4,0.0,0
SLCM_0789,5,3,No,0.0,No income,Unemployed but want to find work,No,Yes,No,Lost a job/had hours cut,2025-Q4,1825.0,2571
SLCM_0790,1,0,No,2000.0,Full-time employment,Employed,No,I don't know,Yes,Have to pay other debt,2025-Q3,650.0,1000
SLCM_0791,2,1,No,0.0,"Food benefits - TANF/SNAP, No income",Unemployed but want to find work,Yes,Yes,No,Withheld rent because of problems with my housing,2025-Q3,1744.06,1689.56
SLCM_0792,2,1,No,0.0,"Food benefits - TANF/SNAP, No income",Unemployed but want to find work,Yes,Yes,Yes,Lost a job/had hours cut,2026-Q2,0.0,300
SLCM_0793,1,1,No,0.0,No income,Unemployed but want to find work,No,I don't know,No,Other,2025-Q4,750.0,0
SLCM_0794,3,2,Yes,4000.0,"Full-time employment, Social Security - SSI/SSDI",Unemployed but want to find work,No,Yes,No,Lost a job/had hours cut,2025-Q1,1700.0,8000
SLCM_0795,1,0,No,341.33,Social Security - SSI/SSDI,Unemployed but want to find work,No,I don't know,Yes,Change to public benefits,2026-Q1,1020.0,678.67
SLCM_0796,1,2,No,2000.0,"Full-time employment, Other","Employed, but need more hours and/or different work",No,Yes,No,Lost a job/had hours cut,2026-Q3,2300.0,1500
SLCM_0797,1,2,No,1000.0,Part-time employment,Employed,No,I don't know,I don't know,Lost a job/had hours cut,2025-Q2,1195.0,4509.18
SLCM_0798,1,0,No,,Social Security - SSI/SSDI,Other,No,Yes,No,Unexpected expense,2024-Q4,620.0,1860
SLCM_0799,1,1,No,1800.0,Full-time employment,Employed,No,Yes,No,Lost a job/had hours cut,2025-Q4,1100.0,2700
SLCM_0800,1,0,No,0.0,No income,Unemployed but want to find work,No,Yes,Yes,Lost a job/had hours cut,2025-Q4,895.0,1940
SLCM_0801,3,0,No,2044.11,"Social Security - SSI/SSDI, Food benefits - TANF/SNAP, No income",Other,No,I don't know,Yes,Other,2026-Q2,800.0,1200
SLCM_0802,1,2,No,2100.0,Full-time employment,Employed,No,,No,Lost a job/had hours cut,2024-Q4,760.0,2180
SLCM_0803,1,0,No,400.0,"Full-time employment, Part-time employment, Unemployment benefits","Employed, but need more hours and/or different work",No,I don't know,No,Lost a job/had hours cut,2026-Q2,915.0,915
SLCM_0804,1,2,No,2500.0,"Full-time employment, Child support, Food benefits - TANF/SNAP",Employed,No,Yes,No,Lost a job/had hours cut,2025-Q1,1493.0,3500
SLCM_0805,0,0,No,2000.0,Full-time employment,Employed,No,Yes,Yes,Lost a job/had hours cut,2025-Q1,1100.0,7600
SLCM_0806,0,0,No,0.0,"Food benefits - TANF/SNAP, No income",Unemployed but want to find work,No,I don't know,No,Other,2026-Q1,640.0,940
SLCM_0807,2,0,Yes,1113.0,Social Security - SSI/SSDI,Unemployed and not looking for work,No,Yes,No,Other,2025-Q4,690.0,1410
SLCM_0808,1,0,No,0.0,No income,Unemployed but want to find work,No,Yes,No,Lost a job/had hours cut,2026-Q1,908.0,2609
SLCM_0809,1,1,No,3498.0,Full-time employment,Employed,No,Yes,I don't know,Unexpected expense,2026-Q1,1425.0,5330
SLCM_0810,2,0,No,180.0,"Veterans benefits, Food benefits - TANF/SNAP",Unemployed but want to find work,No,Yes,No,Other,2025-Q3,795.0,610
SLCM_0811,1,1,No,0.0,No income,Unemployed but want to find work,No,Yes,No,Lost a job/had hours cut,2024-Q4,1110.0,2220
SLCM_0812,0,0,No,,"Full-time employment, Part-time employment","Employed, but need more hours and/or different work",No,I don't know,Yes,Lost a job/had hours cut,2025-Q1,650.0,1500
SLCM_0813,1,0,No,3000.0,Full-time employment,"Employed, but need more hours and/or different work",No,Yes,No,Other,2026-Q2,1184.0,1234
SLCM_0814,4,2,No,0.0,"Part-time employment, Food benefits - TANF/SNAP, No income",Unemployed but want to find work,No,I don't know,I don't know,Other,2026-Q2,1000.0,1000
SLCM_0815,2,5,No,3000.0,"Full-time employment, Food benefits - TANF/SNAP, No income",Unemployed and not looking for work,No,Yes,No,Withheld rent because of problems with my housing,2025-Q1,1400.0,6000
SLCM_0816,1,0,No,1500.0,Part-time employment,Employed,No,Yes,Yes,Other,2025-Q3,915.0,1890.88
SLCM_0817,2,2,No,,"Food benefits - TANF/SNAP, No income",Unemployed but want to find work,No,Yes,No,Lost a job/had hours cut,2024-Q4,1080.0,4000
SLCM_0818,1,2,No,2100.0,Full-time employment,Employed,No,Yes,No,Rent increase,2026-Q2,750.0,7000
SLCM_0819,1,3,No,453.0,Food benefits - TANF/SNAP,Unemployed but want to find work,Yes,Yes,No,Lost a job/had hours cut,2024-Q4,1000.0,6800
SLCM_0820,1,2,No,0.0,No income,Unemployed but want to find work,No,Yes,No,Lost a job/had hours cut,2025-Q4,975.0,3285
SLCM_0821,1,1,No,2100.0,Full-time employment,Employed,No,I don't know,No,Other,2025-Q1,1159.0,2997
SLCM_0822,1,3,No,1000.0,Part-time employment,"Employed, but need more hours and/or different work",No,I don't know,Yes,Lost a job/had hours cut,2026-Q1,1400.0,3500
SLCM_0823,2,1,No,,"Full-time employment, Part-time employment","Employed, but need more hours and/or different work",No,Yes,No,Lost a job/had hours cut,2025-Q1,948.0,1046
SLCM_0824,5,0,No,4000.0,No income,Unemployed but want to find work,No,I don't know,Yes,Lost a job/had hours cut,2025-Q4,700.0,700
SLCM_0825,2,0,No,2800.0,Part-time employment,"Employed, but need more hours and/or different work",No,I don't know,Yes,Lost a job/had hours cut,2026-Q3,1058.0,1250
SLCM_0826,1,0,No,0.0,No income,Unemployed but want to find work,No,I don't know,No,Lost a job/had hours cut,2025-Q3,898.0,950
SLCM_0827,1,0,Yes,0.0,"Part-time employment, Other",Other,No,Yes,No,Withheld rent because of problems with my housing,2024-Q4,800.0,2400
SLCM_0828,1,1,No,2500.0,"Full-time employment, Food benefits - TANF/SNAP, No income","Employed, but need more hours and/or different work",No,I don't know,Yes,Lost a job/had hours cut,2024-Q4,700.0,2100
SLCM_0829,1,0,Yes,500.0,Social Security - SSI/SSDI,Other,No,Yes,No,Change to public benefits,2025-Q1,1000.0,1500
SLCM_0830,2,0,No,3000.0,"Full-time employment, No income, Other",Employed,No,Yes,No,Lost a job/had hours cut,2026-Q2,900.0,1800
SLCM_0831,0,0,No,80.0,"Food benefits - TANF/SNAP, No income",Unemployed but want to find work,No,Yes,No,Lost a job/had hours cut,2026-Q2,900.0,600
SLCM_0832,1,2,No,4166.0,"Full-time employment, Food benefits - TANF/SNAP",Unemployed but want to find work,No,Yes,No,Other,2025-Q1,1234.0,0
SLCM_0833,1,0,No,943.0,"Social Security - SSI/SSDI, Food benefits - TANF/SNAP",Unemployed but want to find work,No,Yes,No,Have to pay other debt,2024-Q4,1300.0,4000
SLCM_0834,1,1,No,150.0,"Child support, Food benefits - TANF/SNAP",Unemployed and not looking for work,No,I don't know,No,Other,2026-Q2,975.0,1025
SLCM_0835,1,3,No,0.0,"Food benefits - TANF/SNAP, No income",Unemployed but want to find work,No,I don't know,Yes,Other,2026-Q1,999.0,1700
SLCM_0836,0,0,No,3300.0,Full-time employment,Employed,No,Yes,Yes,Other,2025-Q3,1175.0,3000
SLCM_0837,2,0,No,994.0,Social Security - SSI/SSDI,Unemployed but want to find work,No,Yes,Yes,Lost a job/had hours cut,2025-Q4,1050.0,3175
SLCM_0838,2,3,No,2000.0,"Full-time employment, Food benefits - TANF/SNAP","Employed, but need more hours and/or different work",No,I don't know,No,Lost a job/had hours cut,2026-Q2,1099.0,1500
SLCM_0839,1,0,Yes,4000.0,"Full-time employment, Part-time employment, Social Security - SSI/SSDI, Pension",Employed,No,Yes,No,Have to pay other debt,2025-Q4,0.0,4000
SLCM_0840,1,0,No,0.0,No income,Unemployed but want to find work,No,Yes,No,Lost a job/had hours cut,2025-Q1,1240.0,1740.87
SLCM_0841,0,0,No,1000.0,Part-time employment,"Employed, but need more hours and/or different work",No,Yes,Yes,Lost a job/had hours cut,2025-Q3,899.0,2089
SLCM_0842,2,0,No,552.0,"Social Security - SSI/SSDI, No income",Unemployed but want to find work,No,Yes,No,Rent increase,2025-Q4,100.0,1192
SLCM_0843,2,1,No,0.0,No income,Unemployed and not looking for work,No,I don't know,Yes,Lost a job/had hours cut,2026-Q2,1362.0,2724
SLCM_0844,1,3,No,1200.0,"Social Security - SSI/SSDI, Other",Unemployed but want to find work,No,Yes,Yes,Lost a job/had hours cut,2026-Q1,1500.0,7500
SLCM_0845,1,1,No,967.0,Social Security - SSI/SSDI,Unemployed but want to find work,Yes,I don't know,No,Unexpected expense,2025-Q3,1300.0,846
SLCM_0846,1,0,No,600.0,"Full-time employment, Part-time employment","Employed, but need more hours and/or different work",No,Yes,No,Lost a job/had hours cut,2024-Q4,725.0,2100
SLCM_0847,1,0,No,900.0,Social Security - SSI/SSDI,Unemployed and not looking for work,I don't know,I don't know,Yes,Other,2026-Q2,500.0,0
SLCM_0848,1,0,No,500.0,"Part-time employment, Food benefits - TANF/SNAP","Employed, but need more hours and/or different work",No,Yes,Yes,Lost a job/had hours cut,2025-Q4,1000.0,4000
SLCM_0849,2,0,No,0.0,"Food benefits - TANF/SNAP, No income",Unemployed but want to find work,No,Yes,Yes,Lost a job/had hours cut,2025-Q4,725.0,2175
SLCM_0850,0,1,No,,No income,Other,No,Yes,Yes,Other,2025-Q1,900.0,3000
SLCM_0851,1,2,No,2700.0,"Full-time employment, Food benefits - TANF/SNAP",Employed,No,Yes,Yes,Lost a job/had hours cut,2025-Q2,1300.0,6000
SLCM_0852,1,0,No,1700.0,Full-time employment,Employed,No,I don't know,No,Unexpected expense,2026-Q1,930.0,400
SLCM_0853,1,1,No,,"Social Security - SSI/SSDI, Food benefits - TANF/SNAP",Other,No,I don't know,Yes,Unexpected expense,2024-Q4,209.0,1000
SLCM_0854,1,0,No,2500.0,Full-time employment,Employed,No,Yes,No,Lost a job/had hours cut,2026-Q3,1100.0,3000
SLCM_0855,2,0,No,0.0,Food benefits - TANF/SNAP,Unemployed but want to find work,No,I don't know,No,Lost a job/had hours cut,2025-Q2,840.0,840
SLCM_0856,2,1,No,1600.0,"Full-time employment, Food benefits - TANF/SNAP",Employed,No,I don't know,No,Lost a job/had hours cut,2026-Q2,1188.5,848
SLCM_0857,3,0,No,0.0,No income,Unemployed but want to find work,No,Yes,I don't know,Other,2026-Q1,1100.0,2200
SLCM_0858,1,0,No,1700.0,Part-time employment,Employed,No,Yes,No,Lost a job/had hours cut,2026-Q1,913.0,3520
SLCM_0859,1,2,No,329.0,"Social Security - SSI/SSDI, Food benefits - TANF/SNAP",Unemployed but want to find work,Yes,I don't know,Yes,Other,2025-Q3,254.0,304
SLCM_0860,2,1,No,2780.0,Part-time employment,"Employed, but need more hours and/or different work",No,Yes,No,Lost a job/had hours cut,2026-Q1,1650.0,5500
SLCM_0861,2,2,No,250.0,No income,Unemployed but want to find work,No,Yes,I don't know,Unexpected expense,2025-Q4,825.0,682
SLCM_0862,2,1,No,900.0,Part-time employment,Other,No,Yes,No,Other,2025-Q1,800.0,1900
SLCM_0863,1,0,No,3000.0,Full-time employment,Employed,No,Yes,Yes,Unexpected expense,2025-Q4,1480.0,3600
SLCM_0864,1,0,No,0.0,No income,Unemployed but want to find work,No,Yes,Yes,Lost a job/had hours cut,2025-Q2,1169.0,4000
SLCM_0865,1,0,No,,Full-time employment,"Employed, but need more hours and/or different work",No,Yes,Yes,Other,2025-Q2,1300.0,3400
SLCM_0866,0,0,No,1900.0,"Full-time employment, Child support, Food benefits - TANF/SNAP",Employed,No,Yes,No,Lost a job/had hours cut,2024-Q4,525.0,3005
SLCM_0867,1,3,No,935.0,Social Security - SSI/SSDI,Unemployed but want to find work,No,Yes,No,Lost a job/had hours cut,2025-Q4,585.0,6000
SLCM_0868,1,4,No,967.0,Social Security - SSI/SSDI,Other,Yes,Yes,Yes,Other,2025-Q4,1217.0,2434
SLCM_0869,1,1,No,0.0,Part-time employment,"Employed, but need more hours and/or different work",No,Yes,No,Lost a job/had hours cut,2026-Q2,544.0,1700
SLCM_0870,3,2,No,950.0,Part-time employment,"Employed, but need more hours and/or different work",No,I don't know,Yes,Lost a job/had hours cut,2026-Q3,895.0,2194
SLCM_0871,1,0,No,1200.0,Part-time employment,"Employed, but need more hours and/or different work",No,Yes,No,Other,2025-Q1,775.0,6400
SLCM_0872,2,0,No,5300.0,"Full-time employment, Part-time employment",Employed,No,Yes,No,Lost a job/had hours cut,2025-Q2,1500.0,3300
SLCM_0873,4,3,No,656.0,Food benefits - TANF/SNAP,Unemployed but want to find work,No,Yes,No,Other,2025-Q2,97.0,450
SLCM_0874,1,0,No,0.0,No income,Unemployed but want to find work,No,Yes,Yes,Lost a job/had hours cut,2025-Q2,575.0,1012.5
SLCM_0875,1,2,No,0.0,"Food benefits - TANF/SNAP, No income",Unemployed but want to find work,No,I don't know,Yes,Lost a job/had hours cut,2026-Q2,1014.0,349
SLCM_0876,0,0,No,,Full-time employment,Employed,No,Yes,No,Lost a job/had hours cut,2025-Q2,950.0,2565
SLCM_0877,3,2,No,3200.0,"Full-time employment, Part-time employment",Employed,No,Yes,No,Lost a job/had hours cut,2024-Q4,700.0,1400
SLCM_0878,0,0,No,0.0,"Social Security - SSI/SSDI, No income",Unemployed but want to find work,No,Yes,Yes,Other,2026-Q2,950.0,1500
SLCM_0879,3,2,No,0.0,No income,Unemployed but want to find work,No,Yes,Yes,Lost a job/had hours cut,2026-Q3,1600.0,2100
SLCM_0880,1,0,No,2100.0,Part-time employment,"Employed, but need more hours and/or different work",No,Yes,Yes,Other,2025-Q2,0.0,0
SLCM_0881,1,0,No,1900.0,Full-time employment,Employed,No,Yes,Yes,Unexpected expense,2025-Q1,900.0,3600
SLCM_0882,1,1,Yes,1733.0,Social Security - SSI/SSDI,Other,No,I don't know,Yes,Have to pay other debt,2026-Q3,977.0,1065
SLCM_0883,1,2,No,3500.0,Part-time employment,"Employed, but need more hours and/or different work",No,Yes,No,Lost a job/had hours cut,2026-Q2,1.0,2570
SLCM_0884,1,0,No,0.0,No income,Unemployed but want to find work,No,I don't know,No,Lost a job/had hours cut,2024-Q4,595.0,1550
SLCM_0885,1,0,No,0.0,Veterans benefits,Unemployed but want to find work,Yes,Yes,I don't know,Unexpected expense,2026-Q1,900.0,8
SLCM_0886,1,0,No,0.0,"Food benefits - TANF/SNAP, No income, Other",Unemployed but want to find work,No,I don't know,No,Other,2025-Q3,675.0,3080
SLCM_0887,1,3,No,550.0,Part-time employment,"Employed, but need more hours and/or different work",No,Yes,Yes,Lost a job/had hours cut,2025-Q3,550.0,2000
SLCM_0888,1,0,No,1400.0,Full-time employment,Employed,No,I don't know,Yes,Lost a job/had hours cut,2026-Q3,1050.0,1050
SLCM_0889,2,0,No,967.0,Social Security - SSI/SSDI,Unemployed and not looking for work,No,I don't know,Yes,Other,2026-Q1,850.0,2500
SLCM_0890,2,1,No,2400.0,Full-time employment,Employed,No,I don't know,No,Other,2024-Q4,1010.0,1600
SLCM_0891,1,0,No,0.0,No income,Unemployed and not looking for work,No,Yes,I don't know,Change to public benefits,2026-Q2,830.0,930
SLCM_0892,3,0,No,2000.0,"Full-time employment, No income",Unemployed but want to find work,No,Yes,Yes,Lost a job/had hours cut,2025-Q3,750.0,1350
SLCM_0893,3,2,No,200.0,"Child support, Food benefits - TANF/SNAP","Employed, but need more hours and/or different work",No,Yes,Yes,Other,2026-Q2,0.0,1740
SLCM_0894,1,0,No,1800.0,Other,Other,No,Yes,No,Have to pay other debt,2026-Q3,925.0,1500
SLCM_0895,2,0,No,,"Full-time employment, Food benefits - TANF/SNAP",Other,No,Yes,Yes,Lost a job/had hours cut,2025-Q1,500.0,1500
SLCM_0896,1,0,No,,Part-time employment,"Employed, but need more hours and/or different work",No,Yes,No,Lost a job/had hours cut,2025-Q1,750.0,2250
SLCM_0897,2,2,No,1200.0,"Part-time employment, Child support, No income",Unemployed but want to find work,No,Yes,Yes,Lost a job/had hours cut,2026-Q2,948.0,1000
SLCM_0898,1,2,No,1850.0,Part-time employment,Employed,No,Yes,No,Lost a job/had hours cut,2026-Q2,640.0,8000
SLCM_0899,2,2,No,1200.0,"Full-time employment, Food benefits - TANF/SNAP",Unemployed but want to find work,No,Yes,I don't know,Lost a job/had hours cut,2026-Q2,1845.0,7400
SLCM_0900,2,0,No,3000.0,"Full-time employment, Part-time employment","Employed, but need more hours and/or different work",No,Yes,Yes,Lost a job/had hours cut,2024-Q4,2080.0,4600
SLCM_0901,1,3,No,3500.0,"Full-time employment, Food benefits - TANF/SNAP",Employed,No,Yes,No,Lost a job/had hours cut,2024-Q4,1364.0,4600
SLCM_0902,1,3,No,0.0,"Food benefits - TANF/SNAP, No income",Unemployed but want to find work,No,Yes,No,Lost a job/had hours cut,2024-Q4,1300.0,8000
SLCM_0903,1,0,No,0.0,No income,Unemployed but want to find work,No,Yes,No,Lost a job/had hours cut,2026-Q3,950.0,1025
SLCM_0904,0,0,No,2100.0,"Full-time employment, Part-time employment",Employed,No,I don't know,Yes,Lost a job/had hours cut,2026-Q1,915.0,960
SLCM_0905,2,1,No,0.0,No income,Unemployed but want to find work,No,I don't know,No,Lost a job/had hours cut,2025-Q4,550.0,550
SLCM_0906,1,4,No,997.0,Social Security - SSI/SSDI,Other,No,Yes,Yes,Lost a job/had hours cut,2026-Q1,1397.0,4229
SLCM_0907,2,2,No,5600.0,"Full-time employment, Food benefits - TANF/SNAP",Unemployed and not looking for work,No,Yes,No,Lost a job/had hours cut,2026-Q3,450.0,6500
SLCM_0908,1,0,No,1500.0,Full-time employment,"Employed, but need more hours and/or different work",No,Yes,Yes,Lost a job/had hours cut,2026-Q3,956.0,999.92
SLCM_0909,1,0,No,0.0,"Food benefits - TANF/SNAP, No income",Unemployed but want to find work,No,Yes,Yes,Lost a job/had hours cut,2025-Q1,598.0,2500
SLCM_0910,2,0,No,994.0,"Social Security - SSI/SSDI, Food benefits - TANF/SNAP",Other,No,Yes,Yes,Have to pay other debt,2026-Q2,900.0,2000
SLCM_0911,1,2,No,3600.0,Full-time employment,"Employed, but need more hours and/or different work",No,Yes,Yes,Unexpected expense,2025-Q3,1250.0,3500
SLCM_0912,1,1,No,0.0,No income,Unemployed but want to find work,No,I don't know,No,Lost a job/had hours cut,2025-Q2,750.0,2250
SLCM_0913,1,0,No,1700.0,Social Security - SSI/SSDI,Other,I don't know,Yes,No,Change to public benefits,2025-Q4,1008.0,5000
SLCM_0914,1,2,No,2100.0,"Full-time employment, Child support, Food benefits - TANF/SNAP",Employed,No,Yes,No,Lost a job/had hours cut,2025-Q1,950.0,2971.35
SLCM_0915,4,2,No,0.0,No income,Unemployed but want to find work,I don't know,I don't know,Yes,Lost a job/had hours cut,2026-Q1,1000.0,2000
SLCM_0916,1,0,No,1580.0,Social Security - SSI/SSDI,Unemployed and not looking for work,No,I don't know,No,Other,2025-Q1,0.0,0
SLCM_0917,2,0,No,1000.0,"Full-time employment, No income","Employed, but need more hours and/or different work",No,Yes,No,Unexpected expense,2026-Q2,500.0,500
SLCM_0918,1,0,No,1046.0,"Social Security - SSI/SSDI, Food benefits - TANF/SNAP",Other,No,Yes,No,Unexpected expense,2026-Q2,180.0,450
SLCM_0919,1,0,No,3000.0,Full-time employment,Employed,Yes,Yes,No,Other,2026-Q2,1630.0,4098
SLCM_0920,1,3,No,,Full-time employment,Employed,No,Yes,Yes,Unexpected expense,2026-Q3,1000.0,3000
SLCM_0921,1,0,No,0.0,Other,Other,Yes,Yes,No,Other,2026-Q3,0.0,0
SLCM_0922,0,1,No,0.0,"Part-time employment, Food benefits - TANF/SNAP",Employed,I don't know,Yes,No,Other,2026-Q2,1295.0,1295
SLCM_0923,1,2,No,2000.0,"Full-time employment, Child support, Social Security - SSI/SSDI","Employed, but need more hours and/or different work",No,I don't know,Yes,Other,2025-Q3,850.0,553
SLCM_0924,1,0,No,2000.0,Part-time employment,Employed,No,Yes,No,Lost a job/had hours cut,2025-Q4,1300.0,3200
SLCM_0925,2,1,No,2000.0,"Full-time employment, Social Security - SSI/SSDI, Food benefits - TANF/SNAP",Employed,No,Yes,No,Lost a job/had hours cut,2026-Q1,950.0,3000
SLCM_0926,1,2,No,1889.0,Full-time employment,Employed,No,Yes,No,Other,2025-Q4,1134.0,3684
SLCM_0927,3,0,No,2026.0,Full-time employment,Other,No,I don't know,No,Lost a job/had hours cut,2025-Q1,1225.0,0
SLCM_0928,1,0,No,2100.0,Part-time employment,Unemployed but want to find work,No,Yes,Yes,Lost a job/had hours cut,2025-Q4,1250.0,2500
SLCM_0929,3,1,No,2800.0,Unemployment benefits,Unemployed but want to find work,No,Yes,Yes,Lost a job/had hours cut,2025-Q4,1425.0,4275
SLCM_0930,1,1,No,0.0,No income,Unemployed but want to find work,Yes,Yes,No,Have to pay other debt,2026-Q1,290.0,5000
SLCM_0931,1,3,No,2000.0,Full-time employment,Employed,No,Yes,No,Have to pay other debt,2026-Q3,889.0,4000
SLCM_0932,0,2,No,3500.0,Full-time employment,Employed,No,Yes,Yes,Unexpected expense,2024-Q4,1250.0,3000
SLCM_0933,1,0,No,963.0,"Social Security - SSI/SSDI, Food benefits - TANF/SNAP",Unemployed and not looking for work,No,Yes,Yes,Other,2025-Q2,6.0,1400
SLCM_0934,1,0,Prefer not to answer,0.0,No income,Unemployed but want to find work,No,Yes,Yes,Unexpected expense,2026-Q1,800.0,2400
SLCM_0935,1,3,Yes,2178.0,Full-time employment,Employed,No,Yes,Yes,Unexpected expense,2026-Q2,1455.0,1580
SLCM_0936,0,2,No,880.0,"Social Security - SSI/SSDI, Food benefits - TANF/SNAP",Unemployed and not looking for work,Yes,Yes,Yes,Change to public benefits,2026-Q3,254.0,953
SLCM_0937,1,3,No,2000.0,Full-time employment,"Employed, but need more hours and/or different work",No,Yes,Yes,Lost a job/had hours cut,2026-Q1,1095.0,1145
SLCM_0938,1,0,No,3500.0,Full-time employment,Employed,No,Yes,No,Lost a job/had hours cut,2026-Q1,1095.0,2779.48
SLCM_0939,1,0,No,1800.0,Full-time employment,Employed,No,Yes,No,Rent increase,2025-Q3,1500.0,4800
SLCM_0940,4,2,No,,Full-time employment,Employed,No,Yes,Yes,Other,2025-Q1,1700.0,1950
SLCM_0941,1,3,No,3000.0,Full-time employment,Employed,No,Yes,Yes,Unexpected expense,2025-Q1,1250.0,4950
SLCM_0942,1,1,No,2000.0,"Part-time employment, Food benefits - TANF/SNAP, Other","Employed, but need more hours and/or different work",No,Yes,Yes,Lost a job/had hours cut,2026-Q2,1000.0,2200
SLCM_0943,2,0,No,0.0,No income,Unemployed but want to find work,No,I don't know,Yes,Change to public benefits,2024-Q4,1000.0,3000
SLCM_0944,1,1,No,2000.0,Full-time employment,"Employed, but need more hours and/or different work",No,I don't know,No,Unexpected expense,2026-Q2,819.0,1018.72
SLCM_0945,3,2,No,700.0,Social Security - SSI/SSDI,Unemployed but want to find work,No,I don't know,Yes,Other,2026-Q2,940.0,490
SLCM_0946,0,1,No,1500.0,Full-time employment,"Employed, but need more hours and/or different work",No,Yes,No,Unexpected expense,2025-Q2,1350.0,5594
SLCM_0947,4,3,No,2500.0,Full-time employment,Employed,No,I don't know,No,Have to pay other debt,2026-Q2,1125.0,1175
SLCM_0948,2,0,No,1000.0,Part-time employment,Unemployed but want to find work,No,Yes,No,Other,2025-Q2,0.0,0
SLCM_0949,4,3,No,2000.0,Full-time employment,"Employed, but need more hours and/or different work",No,I don't know,Yes,Other,2025-Q4,1250.0,1500
SLCM_0950,1,0,No,2400.0,"Part-time employment, Other",Other,No,Yes,No,Lost a job/had hours cut,2026-Q1,1066.0,4784
SLCM_0951,1,0,No,,"Unemployment benefits, No income",Unemployed but want to find work,No,I don't know,Yes,Lost a job/had hours cut,2025-Q2,750.0,600
SLCM_0952,0,0,No,925.0,Food benefits - TANF/SNAP,"Employed, but need more hours and/or different work",No,I don't know,No,Lost a job/had hours cut,2025-Q1,725.0,1060
SLCM_0953,2,2,No,0.0,"Food benefits - TANF/SNAP, No income",Unemployed but want to find work,No,Yes,No,Lost a job/had hours cut,2025-Q3,1096.0,3000
SLCM_0954,0,1,Prefer not to answer,900.0,Social Security - SSI/SSDI,Other,No,Yes,No,Withheld rent because of problems with my housing,2025-Q1,349.0,1200
SLCM_0955,1,2,No,3500.0,Other,Employed,No,Yes,Yes,Lost a job/had hours cut,2025-Q3,1490.0,2400
SLCM_0956,1,0,No,3000.0,Full-time employment,"Employed, but need more hours and/or different work",No,I don't know,Yes,Lost a job/had hours cut,2026-Q2,1275.0,1850
SLCM_0957,2,0,No,3000.0,Pension,Other,No,Yes,No,Lost a job/had hours cut,2026-Q2,1280.0,1685
SLCM_0958,2,2,No,3200.0,Full-time employment,Employed,No,Yes,Yes,Unexpected expense,2025-Q4,915.0,2000
SLCM_0959,0,1,No,2000.0,Full-time employment,Employed,No,Yes,No,Lost a job/had hours cut,2024-Q4,1150.0,2200
SLCM_0960,1,3,No,843.0,Social Security - SSI/SSDI,Other,No,Yes,No,Lost a job/had hours cut,2025-Q1,1170.0,3510
SLCM_0961,2,0,No,3000.0,Part-time employment,Employed,No,Yes,Yes,Lost a job/had hours cut,2026-Q1,1350.0,3000
SLCM_0962,1,0,No,1144.0,Social Security - SSI/SSDI,Unemployed and not looking for work,Yes,Yes,Yes,Have to pay other debt,2026-Q2,400.0,6342
SLCM_0963,1,2,No,1322.0,"Social Security - SSI/SSDI, Other",Other,Yes,Yes,No,Change to public benefits,2024-Q4,251.0,600
SLCM_0964,1,2,No,0.0,No income,Unemployed but want to find work,Yes,Yes,I don't know,Other,2025-Q3,1500.0,2500
SLCM_0965,0,2,No,,"Food benefits - TANF/SNAP, No income",Unemployed but want to find work,No,Yes,No,Lost a job/had hours cut,2025-Q2,536.0,2250
SLCM_0966,1,0,No,998.0,Social Security - SSI/SSDI,Unemployed and not looking for work,I don't know,I don't know,No,Other,2025-Q4,221.0,200
SLCM_0967,2,0,No,5800.0,Full-time employment,Unemployed but want to find work,No,Yes,No,Other,2025-Q4,1200.0,0
SLCM_0968,1,0,No,1000.0,"Part-time employment, Food benefits - TANF/SNAP, No income, Other","Employed, but need more hours and/or different work",No,Yes,Yes,Lost a job/had hours cut,2025-Q1,675.0,1600
SLCM_0969,0,0,No,2500.0,Full-time employment,Employed,No,I don't know,No,Lost a job/had hours cut,2026-Q2,920.0,4000
SLCM_0970,2,0,No,0.0,No income,Unemployed but want to find work,No,Yes,I don't know,Lost a job/had hours cut,2025-Q3,855.0,855
SLCM_0971,0,0,No,0.0,"Food benefits - TANF/SNAP, No income",Unemployed but want to find work,No,Yes,No,Lost a job/had hours cut,2026-Q1,875.0,975
SLCM_0972,2,1,No,950.0,Other,Other,No,Yes,No,Unexpected expense,2025-Q4,815.0,660
SLCM_0973,0,0,No,300.0,Part-time employment,Employed,No,Yes,No,Lost a job/had hours cut,2026-Q2,154.0,1905
SLCM_0974,1,1,No,1800.0,Full-time employment,Employed,No,Yes,No,Lost a job/had hours cut,2025-Q1,1050.0,6200
SLCM_0975,1,1,No,1100.0,"Full-time employment, Food benefits - TANF/SNAP",Employed,No,Yes,Yes,Unexpected expense,2025-Q2,800.0,1500
SLCM_0976,0,0,No,1000.0,Social Security - SSI/SSDI,Other,No,Yes,No,Unexpected expense,2026-Q2,1200.0,1355
SLCM_0977,2,0,No,1200.0,"Full-time employment, Part-time employment","Employed, but need more hours and/or different work",No,Yes,Yes,Have to pay other debt,2026-Q3,735.0,5912.12
SLCM_0978,3,2,No,0.0,No income,Unemployed but want to find work,No,I don't know,Yes,Lost a job/had hours cut,2024-Q4,800.0,1200
SLCM_0979,3,2,No,0.0,Food benefits - TANF/SNAP,Unemployed but want to find work,Yes,Yes,Yes,,2026-Q2,1500.0,0
SLCM_0980,0,3,No,894.0,Social Security - SSI/SSDI,Unemployed but want to find work,No,Yes,No,Other,2026-Q1,1050.0,1050
SLCM_0981,2,2,No,1100.0,"Social Security - SSI/SSDI, Food benefits - TANF/SNAP, No income",Unemployed but want to find work,No,I don't know,Yes,Other,2026-Q3,1300.0,1300
SLCM_0982,1,0,No,700.0,"Food benefits - TANF/SNAP, Other",Unemployed and not looking for work,No,Yes,Yes,Other,2025-Q1,2400.0,0
SLCM_0983,0,0,No,1675.0,Part-time employment,"Employed, but need more hours and/or different work",Yes,I don't know,Yes,Have to pay other debt,2024-Q4,996.0,2200
SLCM_0984,2,0,Yes,2200.0,"Full-time employment, Social Security - SSI/SSDI, Food benefits - TANF/SNAP",Employed,No,Yes,No,Other,2026-Q1,1006.0,3600
SLCM_0985,2,1,No,0.0,No income,Unemployed but want to find work,No,Yes,No,Lost a job/had hours cut,2025-Q3,999.0,1986.1
SLCM_0986,1,0,No,1500.0,Full-time employment,Employed,No,Yes,Yes,Lost a job/had hours cut,2025-Q2,950.0,1038
SLCM_0987,1,1,No,830.0,"Social Security - SSI/SSDI, Food benefits - TANF/SNAP, No income",Unemployed but want to find work,No,Yes,No,Lost a job/had hours cut,2026-Q1,1079.0,2416.79
SLCM_0988,3,0,No,0.0,"Part-time employment, No income, Other",Unemployed but want to find work,No,Yes,Yes,Other,2026-Q1,805.0,2805
SLCM_0989,1,1,No,0.0,Food benefits - TANF/SNAP,Unemployed but want to find work,No,Yes,No,Other,2026-Q2,858.0,2197
SLCM_0990,1,2,No,1000.0,"Food benefits - TANF/SNAP, Other","Employed, but need more hours and/or different work",No,Yes,No,Unexpected expense,2026-Q2,899.0,3000
SLCM_0991,1,1,No,0.0,No income,Unemployed but want to find work,No,Yes,Yes,Lost a job/had hours cut,2026-Q2,900.0,1800
SLCM_0992,1,3,No,3200.0,Full-time employment,Employed,No,Yes,No,Other,2025-Q4,1612.0,5300
SLCM_0993,3,2,No,3000.0,Full-time employment,Employed,No,Yes,Yes,Rent increase,2025-Q1,1284.0,3290.45
SLCM_0994,1,0,No,1230.0,"Social Security - SSI/SSDI, Food benefits - TANF/SNAP",Other,Yes,I don't know,Yes,Have to pay other debt,2025-Q1,642.0,0
SLCM_0995,1,0,No,800.0,Part-time employment,Employed,No,Yes,No,Lost a job/had hours cut,2026-Q2,1100.0,2200
SLCM_0996,3,1,Yes,2800.0,Social Security - SSI/SSDI,Unemployed and not looking for work,No,I don't know,No,Lost a job/had hours cut,2025-Q1,1200.0,2900
SLCM_0997,2,0,No,0.0,No income,Other,No,I don't know,Yes,Other,2026-Q2,1075.0,3400
SLCM_0998,1,0,No,0.0,No income,Unemployed but want to find work,No,I don't know,Yes,Lost a job/had hours cut,2025-Q4,1720.0,3200
SLCM_0999,1,2,No,1100.0,"Part-time employment, Social Security - SSI/SSDI, Food benefits - TANF/SNAP","Employed, but need more hours and/or different work",Yes,I don't know,Yes,Lost a job/had hours cut,2025-Q3,494.0,7000
SLCM_1000,1,0,No,1500.0,Part-time employment,"Employed, but need more hours and/or different work",No,I don't know,No,Other,2025-Q4,900.0,2200
SLCM_1001,1,0,No,,"Food benefits - TANF/SNAP, No income",Unemployed but want to find work,No,Yes,Yes,Lost a job/had hours cut,2024-Q4,800.0,900
SLCM_1002,1,0,No,0.0,No income,Unemployed but want to find work,No,Yes,No,Lost a job/had hours cut,2025-Q1,1085.0,4200
SLCM_1003,0,2,No,0.0,"Food benefits - TANF/SNAP, No income",Unemployed but want to find work,No,Yes,Yes,Other,2025-Q4,1332.0,4000
SLCM_1004,3,0,No,4000.0,"Social Security - SSI/SSDI, Food benefits - TANF/SNAP",Unemployed and not looking for work,No,I don't know,No,,2025-Q2,1000.0,0
SLCM_1005,1,1,No,2300.0,"Full-time employment, Food benefits - TANF/SNAP",Employed,No,I don't know,No,Lost a job/had hours cut,2025-Q3,975.0,1750
SLCM_1006,1,2,No,4800.0,Full-time employment,Employed,No,Yes,No,Have to pay other debt,2025-Q2,1875.0,4600
SLCM_1007,1,0,No,0.0,No income,Other,No,Yes,Yes,Unexpected expense,2026-Q2,875.0,2400
SLCM_1008,1,2,No,4000.0,Full-time employment,Employed,No,Yes,No,Lost a job/had hours cut,2026-Q2,1250.0,1575
SLCM_1009,1,1,No,2390.0,Full-time employment,Employed,No,Yes,Yes,Unexpected expense,2025-Q4,890.0,970
SLCM_1010,1,1,No,1400.0,Full-time employment,"Employed, but need more hours and/or different work",Yes,Yes,Yes,Lost a job/had hours cut,2026-Q2,530.0,1881
SLCM_1011,1,0,No,1525.0,Social Security - SSI/SSDI,Other,No,Yes,No,Rent increase,2024-Q4,1400.0,300
SLCM_1012,3,1,Yes,372.0,"Part-time employment, Child support, Food benefits - TANF/SNAP",Employed,I don't know,I don't know,No,Have to pay other debt,2025-Q3,0.0,0
SLCM_1013,1,4,No,0.0,No income,Other,No,I don't know,No,Lost a job/had hours cut,2025-Q1,800.0,800
SLCM_1014,3,2,No,2100.0,Full-time employment,"Employed, but need more hours and/or different work",No,I don't know,No,Lost a job/had hours cut,2025-Q4,1350.0,1103
SLCM_1015,2,0,No,,Full-time employment,Other,No,Yes,No,Lost a job/had hours cut,2026-Q2,1500.0,2500
SLCM_1016,1,1,No,292.0,"Part-time employment, Food benefits - TANF/SNAP","Employed, but need more hours and/or different work",No,Yes,No,Lost a job/had hours cut,2025-Q4,1479.0,3667
SLCM_1017,1,3,No,1500.0,Full-time employment,Employed,No,Yes,No,Other,2026-Q3,1015.0,3000
SLCM_1018,0,2,No,,No income,Unemployed but want to find work,No,Yes,Yes,Lost a job/had hours cut,2025-Q1,1000.0,5000
SLCM_1019,0,3,No,656.0,Food benefits - TANF/SNAP,Unemployed but want to find work,No,Yes,Yes,Lost a job/had hours cut,2024-Q4,1430.0,3200
SLCM_1020,1,1,No,228.0,"Full-time employment, Food benefits - TANF/SNAP",Employed,No,Yes,No,Other,2025-Q3,1374.0,1579
SLCM_1021,1,2,No,2200.0,Full-time employment,Employed,No,Yes,No,Have to pay other debt,2025-Q4,2000.0,4400
SLCM_1022,1,0,No,600.0,Other,Other,No,Yes,Yes,Other,2026-Q2,725.0,1650
SLCM_1023,1,3,No,525.0,Other,Unemployed but want to find work,Yes,I don't know,Yes,Lost a job/had hours cut,2025-Q1,688.0,2276
SLCM_1024,1,1,No,2400.0,Full-time employment,Employed,No,I don't know,Yes,Other,2024-Q4,1099.0,2152
SLCM_1025,1,6,No,0.0,"Food benefits - TANF/SNAP, No income",Unemployed but want to find work,No,Yes,Yes,Other,2026-Q2,1545.0,4100
SLCM_1026,2,1,No,2000.0,"Part-time employment, No income","Employed, but need more hours and/or different work",No,Yes,Yes,Lost a job/had hours cut,2026-Q2,750.0,80
SLCM_1027,1,2,No,3400.0,Part-time employment,Employed,No,Yes,No,Other,2026-Q2,1600.0,4300
SLCM_1028,1,4,No,975.0,"Part-time employment, Social Security - SSI/SSDI",Employed,Yes,Yes,No,Change to public benefits,2025-Q2,350.0,1700
SLCM_1029,2,1,No,800.0,Part-time employment,"Employed, but need more hours and/or different work",No,Yes,No,Lost a job/had hours cut,2024-Q4,900.0,3000
SLCM_1030,3,2,No,1000.0,"Full-time employment, Food benefits - TANF/SNAP",Unemployed but want to find work,No,Yes,Yes,Lost a job/had hours cut,2026-Q2,1000.0,1100
SLCM_1031,2,1,Yes,2800.0,"Full-time employment, Veterans benefits, Food benefits - TANF/SNAP",Unemployed but want to find work,No,I don't know,Yes,Lost a job/had hours cut,2025-Q3,1495.0,1765
SLCM_1032,1,0,Yes,945.0,"Social Security - SSI/SSDI, Food benefits - TANF/SNAP",Unemployed and not looking for work,I don't know,I don't know,I don't know,Other,2026-Q3,61.0,676
SLCM_1033,3,3,Yes,4000.0,"Full-time employment, Part-time employment, Food benefits - TANF/SNAP, No income",Employed,No,Yes,Yes,Lost a job/had hours cut,2025-Q1,1530.0,7950
SLCM_1034,3,1,No,2300.0,Full-time employment,Employed,No,I don't know,Yes,Unexpected expense,2025-Q3,950.0,950
SLCM_1035,1,0,No,2800.0,Full-time employment,"Employed, but need more hours and/or different work",No,Yes,No,Lost a job/had hours cut,2025-Q1,1338.0,1800
SLCM_1036,2,0,No,0.0,No income,Unemployed but want to find work,No,Yes,No,Withheld rent because of problems with my housing,2025-Q3,380.0,740
SLCM_1037,1,0,No,0.0,No income,Unemployed but want to find work,No,Yes,Yes,Lost a job/had hours cut,2025-Q3,650.0,1300
SLCM_1038,1,0,No,997.0,"Social Security - SSI/SSDI, Food benefits - TANF/SNAP",Unemployed but want to find work,Yes,I don't know,No,Other,2026-Q3,975.0,1200
SLCM_1039,1,0,No,800.0,"Food benefits - TANF/SNAP, No income",Unemployed but want to find work,No,Yes,Yes,Lost a job/had hours cut,2025-Q3,800.0,1777
SLCM_1040,1,1,No,0.0,Full-time employment,Employed,No,Yes,No,Lost a job/had hours cut,2024-Q4,0.0,0
SLCM_1041,3,1,No,0.0,No income,Unemployed but want to find work,No,Yes,Yes,Lost a job/had hours cut,2025-Q2,650.0,1250
SLCM_1042,1,3,No,0.0,No income,Other,No,I don't know,Yes,Other,2026-Q2,1200.0,1200
SLCM_1043,1,1,No,,"Food benefits - TANF/SNAP, No income",Unemployed but want to find work,No,Yes,No,Lost a job/had hours cut,2025-Q1,1160.0,3600
SLCM_1044,1,2,No,1900.0,Full-time employment,"Employed, but need more hours and/or different work",No,Yes,No,Lost a job/had hours cut,2025-Q3,850.0,1600
SLCM_1045,1,0,No,900.0,"Social Security - SSI/SSDI, No income",Unemployed but want to find work,No,I don't know,Yes,Other,2026-Q3,900.0,1800
SLCM_1046,1,1,No,0.0,"Food benefits - TANF/SNAP, No income",Unemployed but want to find work,No,I don't know,Yes,Lost a job/had hours cut,2026-Q2,1250.0,1250
SLCM_1047,0,0,No,4000.0,"Full-time employment, Part-time employment","Employed, but need more hours and/or different work",Yes,I don't know,I don't know,Lost a job/had hours cut,2025-Q1,860.0,1800
SLCM_1048,1,1,No,300.0,Part-time employment,"Employed, but need more hours and/or different work",No,Yes,No,Lost a job/had hours cut,2025-Q2,650.0,0
SLCM_1049,1,0,No,1000.0,Part-time employment,"Employed, but need more hours and/or different work",No,Yes,Yes,Lost a job/had hours cut,2025-Q4,665.0,4617
SLCM_1050,1,1,No,1600.0,Part-time employment,"Employed, but need more hours and/or different work",No,Yes,Yes,Rent increase,2026-Q1,900.0,1025
SLCM_1051,1,2,No,0.0,"Food benefits - TANF/SNAP, No income","Employed, but need more hours and/or different work",No,Yes,No,Lost a job/had hours cut,2025-Q2,1000.0,10000
SLCM_1052,1,0,No,1600.0,Full-time employment,Employed,No,Yes,No,Lost a job/had hours cut,2026-Q1,913.0,3519
SLCM_1053,1,2,No,1500.0,Full-time employment,Employed,No,Yes,No,Lost a job/had hours cut,2025-Q2,1200.0,3000
SLCM_1054,1,1,No,2200.0,Full-time employment,Employed,No,Yes,Yes,Unexpected expense,2026-Q1,1299.0,2600
SLCM_1055,3,4,No,2300.0,Full-time employment,Employed,No,Yes,I don't know,Unexpected expense,2026-Q1,1307.0,8000
SLCM_1056,2,3,No,0.0,No income,Unemployed but want to find work,No,I don't know,Yes,Lost a job/had hours cut,2026-Q1,1000.0,3000
SLCM_1057,2,2,No,1400.0,"Part-time employment, Food benefits - TANF/SNAP","Employed, but need more hours and/or different work",No,Yes,Yes,Lost a job/had hours cut,2025-Q1,650.0,3000
SLCM_1058,1,2,No,1986.0,Social Security - SSI/SSDI,Other,No,Yes,No,Unexpected expense,2025-Q2,950.0,3345
SLCM_1059,0,0,No,882.0,Social Security - SSI/SSDI,Other,No,Yes,No,Lost a job/had hours cut,2025-Q2,600.0,2860
SLCM_1060,1,0,No,0.0,No income,Unemployed but want to find work,No,I don't know,No,Other,2026-Q3,785.0,1640
SLCM_1061,2,0,No,0.0,"Child support, No income, Other",Other,No,Yes,Yes,Other,2026-Q1,650.0,5000
SLCM_1062,1,0,No,4000.0,Full-time employment,Employed,No,Yes,Yes,Have to pay other debt,2026-Q2,787.0,3600
SLCM_1063,2,2,No,2300.0,"Full-time employment, Social Security - SSI/SSDI",Employed,No,Yes,No,Lost a job/had hours cut,2025-Q1,1400.0,20000
SLCM_1064,2,2,No,3200.0,No income,Unemployed but want to find work,No,Yes,Yes,Lost a job/had hours cut,2025-Q4,1150.0,3850
SLCM_1065,1,0,No,1023.0,Social Security - SSI/SSDI,Other,No,Yes,No,Lost a job/had hours cut,2025-Q2,748.0,1200
SLCM_1066,1,2,No,,Full-time employment,Employed,No,Yes,Yes,Other,2024-Q4,835.0,2030
SLCM_1067,1,0,No,0.0,No income,Unemployed but want to find work,No,Yes,Yes,Lost a job/had hours cut,2026-Q2,400.0,0
SLCM_1068,1,0,No,275.0,Part-time employment,Employed,No,Yes,Yes,Other,2025-Q1,725.0,1100
SLCM_1069,2,2,No,4000.0,Full-time employment,Employed,No,Yes,Yes,Lost a job/had hours cut,2025-Q2,720.0,6000
SLCM_1070,1,0,No,775.0,"Food benefits - TANF/SNAP, Other",Unemployed but want to find work,No,I don't know,Yes,Lost a job/had hours cut,2026-Q1,600.0,3000
SLCM_1071,0,0,No,0.0,Other,Other,No,Yes,Yes,Lost a job/had hours cut,2025-Q3,1525.0,3500
SLCM_1072,4,3,No,0.0,"Food benefits - TANF/SNAP, No income, Other","Employed, but need more hours and/or different work",Yes,I don't know,Yes,Unexpected expense,2025-Q3,589.0,589
SLCM_1073,1,0,No,1200.0,Part-time employment,Employed,No,Yes,No,Lost a job/had hours cut,2025-Q1,705.0,3735.7
SLCM_1074,1,1,No,2400.0,Full-time employment,"Employed, but need more hours and/or different work",No,I don't know,No,Other,2026-Q2,800.0,600
SLCM_1075,1,0,No,609.0,"Social Security - SSI/SSDI, Food benefits - TANF/SNAP",Other,I don't know,I don't know,No,Change to public benefits,2026-Q1,177.0,357
SLCM_1076,2,2,No,0.0,"Food benefits - TANF/SNAP, No income",Unemployed but want to find work,No,Yes,No,Lost a job/had hours cut,2025-Q4,1900.0,4000
SLCM_1077,3,1,No,987.0,"Social Security - SSI/SSDI, Food benefits - TANF/SNAP","Employed, but need more hours and/or different work",No,Yes,Yes,Lost a job/had hours cut,2025-Q1,1024.0,4800
SLCM_1078,0,2,No,2400.0,Full-time employment,Employed,No,Yes,No,Lost a job/had hours cut,2025-Q4,1200.0,2575
SLCM_1079,1,3,No,4700.0,Full-time employment,Employed,No,Yes,No,Lost a job/had hours cut,2025-Q4,1250.0,408
SLCM_1080,2,2,No,0.0,"Food benefits - TANF/SNAP, No income",Unemployed but want to find work,No,I don't know,Yes,Lost a job/had hours cut,2026-Q2,1100.0,3000
SLCM_1081,2,1,No,0.0,No income,Unemployed but want to find work,No,Yes,Yes,Lost a job/had hours cut,2025-Q3,600.0,1190
SLCM_1082,2,0,No,1048.0,Social Security - SSI/SSDI,Other,No,Yes,I don't know,Rent increase,2026-Q2,995.0,1300
SLCM_1083,1,0,No,0.0,No income,"Employed, but need more hours and/or different work",No,Yes,Yes,Lost a job/had hours cut,2026-Q2,1100.0,4400
SLCM_1084,2,4,No,,"Full-time employment, No income",Unemployed but want to find work,No,I don't know,Yes,Other,2025-Q1,950.0,950
SLCM_1085,1,6,No,1400.0,"Part-time employment, Food benefits - TANF/SNAP",Employed,No,Yes,Yes,Lost a job/had hours cut,2026-Q2,849.0,2600
SLCM_1086,1,0,No,2100.0,Full-time employment,Employed,No,Yes,Yes,Other,2025-Q3,650.0,0
SLCM_1087,1,0,Yes,1628.0,Social Security - SSI/SSDI,Other,No,Yes,Yes,Other,2026-Q1,750.0,2300
SLCM_1088,1,0,No,1800.0,Full-time employment,Employed,No,Yes,Yes,Lost a job/had hours cut,2025-Q4,1228.0,4215
SLCM_1089,1,5,No,2901.0,Social Security - SSI/SSDI,Unemployed but want to find work,No,I don't know,I don't know,Lost a job/had hours cut,2025-Q1,1249.0,2500
SLCM_1090,2,2,No,4000.0,"Full-time employment, Social Security - SSI/SSDI",Unemployed and not looking for work,No,I don't know,Yes,Lost a job/had hours cut,2026-Q2,1100.0,1879.63
SLCM_1091,0,0,No,1400.0,Part-time employment,"Employed, but need more hours and/or different work",No,Yes,No,Lost a job/had hours cut,2026-Q3,930.0,1130
SLCM_1092,0,0,No,1420.0,Food benefits - TANF/SNAP,Unemployed but want to find work,No,Yes,No,Lost a job/had hours cut,2026-Q3,1895.0,5000
SLCM_1093,1,2,No,1200.0,"Part-time employment, No income","Employed, but need more hours and/or different work",No,Yes,No,Lost a job/had hours cut,2025-Q1,1053.0,1053
SLCM_1094,0,0,No,3000.0,Full-time employment,Employed,No,Yes,No,Unexpected expense,2024-Q4,1150.0,1555.08
SLCM_1095,0,2,No,3000.0,Full-time employment,Employed,No,Yes,No,Lost a job/had hours cut,2026-Q1,1399.0,4000
SLCM_1096,4,3,No,500.0,"Food benefits - TANF/SNAP, Other",Unemployed and not looking for work,No,Yes,Yes,Other,2025-Q3,1325.0,3189
SLCM_1097,1,0,No,0.0,No income,Unemployed but want to find work,No,Yes,Yes,Other,2025-Q2,1000.0,3200
SLCM_1098,1,3,No,0.0,"Child support, Food benefits - TANF/SNAP",Unemployed but want to find work,Yes,Yes,Yes,Lost a job/had hours cut,2025-Q4,307.0,800
SLCM_1099,2,3,No,1300.0,Full-time employment,Employed,No,Yes,Yes,Have to pay other debt,2026-Q2,800.0,1000
SLCM_1100,1,3,No,0.0,Full-time employment,Employed,No,Yes,Yes,Other,2026-Q3,1025.0,3000
SLCM_1101,0,2,No,4000.0,Full-time employment,Employed,No,Yes,Yes,Lost a job/had hours cut,2025-Q3,1150.0,4123
SLCM_1102,2,2,No,,Full-time employment,Employed,No,I don't know,Yes,Have to pay other debt,2025-Q1,750.0,2300
SLCM_1103,1,0,No,1160.0,Part-time employment,Employed,No,I don't know,No,Lost a job/had hours cut,2026-Q2,1731.08,1000
SLCM_1104,1,0,No,994.0,Social Security - SSI/SSDI,Other,No,Yes,No,Unexpected expense,2026-Q3,484.0,4
SLCM_1105,4,3,No,0.0,"Food benefits - TANF/SNAP, No income",Unemployed but want to find work,No,Yes,No,Lost a job/had hours cut,2026-Q2,254.0,4064
SLCM_1106,1,2,No,0.0,No income,Unemployed but want to find work,No,I don't know,No,Lost a job/had hours cut,2025-Q1,805.0,1788
SLCM_1107,1,1,No,0.0,No income,Unemployed but want to find work,No,Yes,No,Lost a job/had hours cut,2025-Q3,800.0,2500
SLCM_1108,2,2,No,943.0,Social Security - SSI/SSDI,Unemployed but want to find work,No,Yes,Yes,Other,2025-Q2,750.0,3050
SLCM_1109,6,5,No,2000.0,"Child support, Social Security - SSI/SSDI, No income",Unemployed but want to find work,No,Yes,Yes,Other,2025-Q3,1068.0,5500
SLCM_1110,1,0,No,1175.0,Part-time employment,"Employed, but need more hours and/or different work",No,I don't know,I don't know,Rent increase,2026-Q3,1150.0,700
SLCM_1111,0,1,No,0.0,No income,Unemployed but want to find work,No,Yes,Yes,Lost a job/had hours cut,2026-Q2,1049.0,3000
SLCM_1112,2,1,No,160.0,"Child support, Food benefits - TANF/SNAP, Other",Unemployed but want to find work,No,Yes,Yes,Other,2025-Q1,950.0,7600
SLCM_1113,1,1,No,0.0,"Food benefits - TANF/SNAP, No income",Unemployed but want to find work,No,Yes,No,Change to public benefits,2025-Q2,1200.0,1200
SLCM_1114,0,0,No,650.0,No income,Unemployed but want to find work,No,Yes,Yes,Lost a job/had hours cut,2026-Q1,650.0,2000
SLCM_1115,1,0,No,0.0,No income,Unemployed but want to find work,Yes,Yes,No,Other,2025-Q4,0.0,0
SLCM_1116,1,0,No,800.0,No income,Unemployed but want to find work,No,Yes,Yes,Other,2026-Q2,1200.0,3975
SLCM_1117,1,2,No,2400.0,Full-time employment,Employed,Yes,Yes,I don't know,Other,2025-Q1,1013.0,5719
SLCM_1118,1,0,No,0.0,No income,Unemployed and not looking for work,No,I don't know,Yes,Other,2026-Q2,900.0,900
SLCM_1119,1,2,No,,No income,Unemployed but want to find work,No,I don't know,No,Lost a job/had hours cut,2025-Q1,805.0,1788
SLCM_1120,1,2,No,0.0,Food benefits - TANF/SNAP,Other,Yes,Yes,No,Lost a job/had hours cut,2025-Q4,540.0,540
SLCM_1121,1,0,No,967.0,Social Security - SSI/SSDI,Unemployed and not looking for work,Yes,Yes,No,Have to pay other debt,2025-Q3,149.0,430
SLCM_1122,3,2,No,300.0,Part-time employment,Unemployed but want to find work,No,I don't know,Yes,Lost a job/had hours cut,2025-Q1,900.0,3000
SLCM_1123,1,2,No,300.0,"Child support, Food benefits - TANF/SNAP, No income",Unemployed but want to find work,No,Yes,Yes,Lost a job/had hours cut,2025-Q3,550.0,3000
SLCM_1124,3,2,No,800.0,No income,Other,No,Yes,Yes,Lost a job/had hours cut,2026-Q3,1200.0,1250
SLCM_1125,2,1,Yes,2045.0,Social Security - SSI/SSDI,Other,I don't know,Yes,I don't know,Withheld rent because of problems with my housing,2026-Q1,336.0,5000
SLCM_1126,1,0,No,2300.0,Full-time employment,Employed,No,I don't know,No,Have to pay other debt,2026-Q2,900.0,985
SLCM_1127,1,0,No,3500.0,Full-time employment,Employed,No,Yes,Yes,Unexpected expense,2026-Q1,1100.0,700
SLCM_1128,1,3,No,2500.0,Full-time employment,Employed,No,Yes,Yes,Unexpected expense,2026-Q2,1224.0,3100
SLCM_1129,3,0,Yes,0.0,No income,Other,Yes,Yes,No,Other,2026-Q2,0.0,0
SLCM_1130,1,2,No,800.0,"Child support, Food benefits - TANF/SNAP",Unemployed but want to find work,No,Yes,No,Lost a job/had hours cut,2024-Q4,450.0,1000
SLCM_1131,1,0,No,0.0,No income,Unemployed but want to find work,No,Yes,Yes,Rent increase,2025-Q1,500.0,2500
SLCM_1132,1,2,No,2000.0,Full-time employment,Employed,No,Yes,Yes,Unexpected expense,2025-Q1,1402.0,1402
SLCM_1133,1,0,No,800.0,Other,"Employed, but need more hours and/or different work",No,Yes,,Other,2025-Q1,400.0,1600
SLCM_1134,0,0,No,1000.0,Part-time employment,Unemployed but want to find work,No,I don't know,Yes,Lost a job/had hours cut,2025-Q2,900.0,900
SLCM_1135,1,1,No,3200.0,Full-time employment,Employed,No,Yes,No,Have to pay other debt,2025-Q3,1400.0,5000
SLCM_1136,1,2,No,0.0,Other,Other,No,I don't know,Yes,Unexpected expense,2025-Q1,691.0,691
SLCM_1137,1,0,No,0.0,No income,Unemployed and not looking for work,No,Yes,Yes,Lost a job/had hours cut,2026-Q3,1025.0,5000
SLCM_1138,3,0,No,4900.0,"Full-time employment, Part-time employment",Employed,No,Yes,Yes,Other,2026-Q1,1145.0,2153.3
SLCM_1139,1,0,No,400.0,Part-time employment,"Employed, but need more hours and/or different work",No,Yes,No,Lost a job/had hours cut,2026-Q3,1200.0,2500
SLCM_1140,1,0,No,0.0,No income,Unemployed but want to find work,No,I don't know,No,Rent increase,2024-Q4,1000.0,1000
SLCM_1141,2,0,No,1002.0,Unemployment benefits,Unemployed but want to find work,No,I don't know,No,Lost a job/had hours cut,2024-Q4,1300.0,1300
SLCM_1142,1,0,No,994.0,Social Security - SSI/SSDI,Other,I don't know,Yes,No,Other,2026-Q1,280.0,629
SLCM_1143,3,1,No,0.0,"Part-time employment, No income",Unemployed but want to find work,No,Yes,No,Lost a job/had hours cut,2026-Q2,572.0,789
SLCM_1144,2,0,No,0.0,No income,Unemployed but want to find work,No,I don't know,No,Other,2025-Q2,1200.0,900
SLCM_1145,0,0,No,,No income,Unemployed but want to find work,No,Yes,No,Other,2024-Q4,0.0,0
SLCM_1146,3,1,No,967.0,"Social Security - SSI/SSDI, Food benefits - TANF/SNAP",Other,Yes,Yes,No,Other,2025-Q4,1134.0,1134
SLCM_1147,1,2,No,957.0,"Social Security - SSI/SSDI, Food benefits - TANF/SNAP",Unemployed but want to find work,No,Yes,Yes,Lost a job/had hours cut,2025-Q3,950.0,1775
SLCM_1148,1,0,No,100.0,Part-time employment,"Employed, but need more hours and/or different work",No,Yes,Yes,Lost a job/had hours cut,2026-Q1,1000.0,3500
SLCM_1149,1,1,No,968.0,Social Security - SSI/SSDI,Other,No,I don't know,No,Unexpected expense,2026-Q1,900.0,790
SLCM_1150,1,0,No,0.0,No income,Unemployed but want to find work,No,Yes,No,Lost a job/had hours cut,2025-Q4,945.0,3000
SLCM_1151,1,1,No,0.0,No income,Unemployed but want to find work,No,Yes,Yes,Withheld rent because of problems with my housing,2025-Q1,895.0,2700
SLCM_1152,2,0,No,1517.6,"Social Security - SSI/SSDI, No income",Other,No,Yes,Yes,Unexpected expense,2025-Q1,720.0,780
SLCM_1153,2,2,No,450.0,Food benefits - TANF/SNAP,Unemployed but want to find work,No,I don't know,Yes,Lost a job/had hours cut,2026-Q1,1150.0,2300
SLCM_1154,2,1,No,1000.0,"Social Security - SSI/SSDI, Food benefits - TANF/SNAP",Other,Yes,Yes,Yes,Unexpected expense,2026-Q3,386.0,400
SLCM_1155,1,0,Yes,967.0,Social Security - SSI/SSDI,Unemployed and not looking for work,No,I don't know,No,Unexpected expense,2026-Q2,846.0,846
SLCM_1156,5,3,No,2652.0,"Full-time employment, Food benefits - TANF/SNAP",Employed,No,Yes,Yes,Other,2025-Q1,1674.0,5817.35
SLCM_1157,2,4,No,5500.0,Full-time employment,Other,No,Yes,Yes,Lost a job/had hours cut,2025-Q1,1700.0,5610
SLCM_1158,2,2,No,2900.0,Full-time employment,Employed,No,Yes,No,Lost a job/had hours cut,2025-Q1,1710.0,3710.72
SLCM_1159,0,0,No,,No income,Unemployed but want to find work,No,Yes,Yes,Other,2025-Q1,895.0,4474
SLCM_1160,1,0,No,,Other,Unemployed but want to find work,No,Yes,Yes,Other,2024-Q4,1279.0,2951
SLCM_1161,2,0,No,0.0,No income,Other,No,I don't know,Yes,Lost a job/had hours cut,2026-Q1,1400.0,9800
SLCM_1162,2,1,No,2000.0,"Full-time employment, Part-time employment, Food benefits - TANF/SNAP",Employed,No,I don't know,No,Lost a job/had hours cut,2026-Q1,900.0,1800
SLCM_1163,1,1,No,,"Food benefits - TANF/SNAP, No income",Unemployed but want to find work,No,Yes,Yes,Other,2025-Q2,1075.0,1022
SLCM_1164,1,1,No,1500.0,Full-time employment,"Employed, but need more hours and/or different work",No,I don't know,No,Other,2026-Q2,814.0,814
SLCM_1165,1,1,No,850.0,"Part-time employment, Social Security - SSI/SSDI",Employed,No,I don't know,No,Lost a job/had hours cut,2026-Q3,975.0,975
SLCM_1166,1,2,No,2500.0,Part-time employment,Employed,No,Yes,I don't know,Have to pay other debt,2026-Q3,1165.0,2563.34
SLCM_1167,1,0,No,1500.0,Part-time employment,"Employed, but need more hours and/or different work",No,I don't know,No,Lost a job/had hours cut,2026-Q1,,700
SLCM_1168,2,0,No,1011.0,"Social Security - SSI/SSDI, Food benefits - TANF/SNAP",Other,No,I don't know,Yes,Other,2026-Q3,800.0,3200
SLCM_1169,1,0,No,628.0,Social Security - SSI/SSDI,Unemployed but want to find work,No,I don't know,No,Other,2024-Q4,118.0,3782.14
SLCM_1170,1,0,No,0.0,No income,Unemployed but want to find work,No,Yes,I don't know,Lost a job/had hours cut,2026-Q3,1250.0,2370
SLCM_1171,2,1,No,0.0,"Food benefits - TANF/SNAP, No income",Unemployed but want to find work,No,I don't know,Yes,Lost a job/had hours cut,2025-Q1,1425.0,1325
SLCM_1172,2,0,No,,Food benefits - TANF/SNAP,"Employed, but need more hours and/or different work",No,Yes,Yes,Withheld rent because of problems with my housing,2024-Q4,800.0,2959
SLCM_1173,1,0,No,2600.0,Full-time employment,Employed,No,Yes,No,Lost a job/had hours cut,2026-Q2,1077.0,2200
SLCM_1174,2,0,No,900.0,Full-time employment,Employed,No,Yes,No,Other,2026-Q2,895.0,1700
SLCM_1175,1,3,No,1500.0,"Food benefits - TANF/SNAP, Other",Other,No,Yes,Yes,Other,2026-Q1,1400.0,2800
SLCM_1176,3,2,No,1246.0,"Child support, Social Security - SSI/SSDI, Food benefits - TANF/SNAP",Unemployed but want to find work,No,Yes,Yes,Lost a job/had hours cut,2026-Q1,850.0,2550
SLCM_1177,1,2,No,3000.0,"Part-time employment, Food benefits - TANF/SNAP",Employed,No,Yes,Yes,Lost a job/had hours cut,2026-Q1,1535.0,4605
SLCM_1178,0,1,No,2000.0,Full-time employment,Employed,No,I don't know,No,Unexpected expense,2026-Q3,1010.0,700
SLCM_1179,1,0,No,1318.0,"Social Security - SSI/SSDI, Food benefits - TANF/SNAP",Unemployed but want to find work,No,I don't know,Yes,Other,2025-Q3,1.1,2000
SLCM_1180,2,0,No,0.0,No income,Other,No,I don't know,I don't know,Lost a job/had hours cut,2025-Q2,916.0,4000
SLCM_1181,1,0,No,0.0,No income,"Employed, but need more hours and/or different work",No,I don't know,No,Lost a job/had hours cut,2026-Q1,600.0,3450
SLCM_1182,2,2,No,947.0,"Social Security - SSI/SSDI, Food benefits - TANF/SNAP, Other",Employed,No,I don't know,I don't know,Unexpected expense,2025-Q4,350.0,1600
SLCM_1183,1,3,No,2000.0,Part-time employment,Unemployed but want to find work,No,Yes,Yes,Withheld rent because of problems with my housing,2025-Q4,1000.0,0
SLCM_1184,1,3,No,636.0,Food benefits - TANF/SNAP,Unemployed but want to find work,No,Yes,No,Lost a job/had hours cut,2025-Q1,1309.0,4200
SLCM_1185,1,0,No,2000.0,Full-time employment,Employed,No,I don't know,No,Unexpected expense,2026-Q3,1222.0,1222
SLCM_1186,1,0,No,2400.0,Full-time employment,"Employed, but need more hours and/or different work",No,Yes,Yes,Lost a job/had hours cut,2026-Q3,850.0,1800
SLCM_1187,0,0,No,,"Food benefits - TANF/SNAP, No income",Unemployed but want to find work,No,I don't know,No,Other,2024-Q4,600.0,1800
SLCM_1188,1,0,No,1280.0,Full-time employment,"Employed, but need more hours and/or different work",No,Yes,Yes,Lost a job/had hours cut,2025-Q3,917.0,4668
SLCM_1189,1,2,No,2200.0,Full-time employment,Employed,No,Yes,Yes,Lost a job/had hours cut,2026-Q1,1500.0,2000
SLCM_1190,1,0,No,1800.0,Full-time employment,Employed,No,I don't know,I don't know,Unexpected expense,2024-Q4,1700.0,2250
SLCM_1191,1,0,No,977.0,"Social Security - SSI/SSDI, Food benefits - TANF/SNAP",Unemployed but want to find work,No,Yes,Yes,Have to pay other debt,2025-Q1,289.0,2758
SLCM_1192,0,0,No,900.0,Full-time employment,Employed,No,I don't know,No,Lost a job/had hours cut,2025-Q3,945.0,1250
SLCM_1193,3,2,No,2000.0,Part-time employment,"Employed, but need more hours and/or different work",No,Yes,Yes,Lost a job/had hours cut,2025-Q1,1410.0,1410
SLCM_1194,1,0,No,0.0,"Food benefits - TANF/SNAP, No income",Unemployed and not looking for work,No,Yes,I don't know,Change to public benefits,2025-Q4,600.0,1200
SLCM_1195,1,0,No,540.0,"Part-time employment, Food benefits - TANF/SNAP",Employed,No,Yes,No,Lost a job/had hours cut,2025-Q3,665.0,715
SLCM_1196,1,5,No,994.0,"Social Security - SSI/SSDI, Food benefits - TANF/SNAP, No income",Unemployed but want to find work,Yes,I don't know,Yes,Change to public benefits,2026-Q1,1200.0,257
SLCM_1197,3,0,No,2827.0,Full-time employment,"Employed, but need more hours and/or different work",No,Yes,Yes,Rent increase,2024-Q4,2000.0,2900
SLCM_1198,1,0,No,1800.0,Part-time employment,"Employed, but need more hours and/or different work",No,Yes,Yes,Lost a job/had hours cut,2025-Q3,1012.0,3000
SLCM_1199,1,0,Yes,1171.0,Social Security - SSI/SSDI,Unemployed and not looking for work,No,I don't know,No,Other,2025-Q4,930.0,1300
SLCM_1200,1,0,No,1080.0,Part-time employment,"Employed, but need more hours and/or different work",No,Yes,I don't know,Lost a job/had hours cut,2024-Q4,1200.0,2700
SLCM_1201,3,1,No,,Full-time employment,Unemployed but want to find work,No,Yes,No,Lost a job/had hours cut,2025-Q4,900.0,1500
SLCM_1202,1,1,No,235.0,Food benefits - TANF/SNAP,Unemployed but want to find work,No,I don't know,I don't know,Other,2025-Q4,1300.0,2299.78
SLCM_1203,1,0,No,750.0,Social Security - SSI/SSDI,Unemployed and not looking for work,Yes,Yes,Yes,Change to public benefits,2024-Q4,925.0,900
SLCM_1204,1,0,No,2000.0,Full-time employment,Employed,No,Yes,Yes,Lost a job/had hours cut,2025-Q1,850.0,1750
SLCM_1205,2,0,No,1330.0,Social Security - SSI/SSDI,Other,No,Yes,Yes,Unexpected expense,2025-Q1,720.0,1800
SLCM_1206,1,0,No,0.0,No income,Unemployed but want to find work,No,I don't know,Yes,Lost a job/had hours cut,2025-Q1,1595.0,1695
SLCM_1207,2,0,Yes,2300.0,Social Security - SSI/SSDI,Unemployed but want to find work,No,Yes,Yes,Unexpected expense,2025-Q1,,2800.8
SLCM_1208,0,0,No,1100.0,Full-time employment,"Employed, but need more hours and/or different work",No,Yes,No,Other,2025-Q4,1162.0,3764
SLCM_1209,1,0,No,0.0,"No income, Other",Other,No,Yes,Yes,Lost a job/had hours cut,2025-Q3,900.0,1100
SLCM_1210,1,0,No,0.0,No income,Unemployed but want to find work,No,Yes,Yes,Lost a job/had hours cut,2025-Q1,750.0,1300
SLCM_1211,1,3,No,2100.0,No income,Unemployed but want to find work,No,I don't know,Yes,Lost a job/had hours cut,2026-Q1,1150.0,3350
SLCM_1212,5,4,No,2000.0,"Part-time employment, Food benefits - TANF/SNAP",Employed,No,Yes,Yes,Have to pay other debt,2025-Q2,1060.0,2700
SLCM_1213,3,2,No,995.0,"Child support, Social Security - SSI/SSDI, Food benefits - TANF/SNAP",Unemployed and not looking for work,No,I don't know,No,Lost a job/had hours cut,2025-Q4,799.0,2779
SLCM_1214,3,0,No,1199.0,"Social Security - SSI/SSDI, Food benefits - TANF/SNAP",Unemployed and not looking for work,No,I don't know,Yes,Unexpected expense,2026-Q2,701.0,1712
SLCM_1215,2,0,No,0.0,No income,Unemployed but want to find work,No,Yes,Yes,Lost a job/had hours cut,2025-Q1,1800.0,3800
SLCM_1216,1,0,No,894.0,"Social Security - SSI/SSDI, Food benefits - TANF/SNAP",Unemployed but want to find work,No,Yes,Yes,Change to public benefits,2026-Q3,1006.0,2012
SLCM_1217,1,0,No,962.0,Part-time employment,Employed,No,Yes,No,Unexpected expense,2025-Q2,1012.0,50
SLCM_1218,1,5,No,2504.0,Full-time employment,Employed,No,Yes,No,Other,2026-Q1,1862.43,1862.43
SLCM_1219,1,0,No,967.0,Social Security - SSI/SSDI,Unemployed and not looking for work,Yes,Yes,No,Rent increase,2025-Q4,1300.0,900
SLCM_1220,1,1,No,0.0,No income,Unemployed but want to find work,No,Yes,No,Lost a job/had hours cut,2024-Q4,675.0,1484
SLCM_1221,2,0,No,4500.0,"Full-time employment, No income",Unemployed but want to find work,No,Yes,Yes,Have to pay other debt,2024-Q4,850.0,2400
SLCM_1222,2,1,No,300.0,"Food benefits - TANF/SNAP, No income",Unemployed but want to find work,Yes,I don't know,Yes,Lost a job/had hours cut,2026-Q1,614.0,1992
SLCM_1223,2,0,No,675.0,"Full-time employment, Food benefits - TANF/SNAP","Employed, but need more hours and/or different work",I don't know,I don't know,No,Lost a job/had hours cut,2025-Q4,675.0,3000
SLCM_1224,1,0,No,0.0,Food benefits - TANF/SNAP,Other,Yes,I don't know,No,Unexpected expense,2026-Q2,106.0,582
SLCM_1225,1,0,No,900.0,No income,Other,No,I don't know,Yes,Other,2025-Q4,750.0,1660
SLCM_1226,4,1,No,0.0,Food benefits - TANF/SNAP,Unemployed and not looking for work,No,I don't know,Yes,Withheld rent because of problems with my housing,2025-Q4,700.0,1400
SLCM_1227,1,2,No,1200.0,Other,Unemployed and not looking for work,No,Yes,No,Lost a job/had hours cut,2024-Q4,1196.0,3836
SLCM_1228,1,0,No,4000.0,Full-time employment,Employed,No,Yes,No,Unexpected expense,2026-Q3,900.0,3800
SLCM_1229,2,3,No,3200.0,"Full-time employment, Food benefits - TANF/SNAP, No income",Unemployed and not looking for work,No,I don't know,I don't know,Other,2026-Q2,1540.0,0
SLCM_1230,2,0,No,1800.0,Full-time employment,Employed,No,Yes,No,Unexpected expense,2025-Q4,750.0,2250
SLCM_1231,1,0,No,500.0,Veterans benefits,Unemployed but want to find work,No,I don't know,Yes,Lost a job/had hours cut,2025-Q4,845.0,2100
SLCM_1232,1,0,Yes,2500.0,"Full-time employment, Social Security - SSI/SSDI, Pension",Employed,No,Yes,Yes,Other,2025-Q4,0.0,4000
SLCM_1233,0,0,No,0.0,No income,Unemployed but want to find work,No,Yes,No,Lost a job/had hours cut,2025-Q2,856.0,2800
SLCM_1234,1,0,No,4000.0,Full-time employment,"Employed, but need more hours and/or different work",No,Yes,No,Lost a job/had hours cut,2025-Q4,1380.0,3000
SLCM_1235,2,2,Yes,2200.0,Full-time employment,Employed,No,Yes,No,Unexpected expense,2026-Q3,1500.0,1500
SLCM_1236,2,4,No,3000.0,"Full-time employment, Part-time employment",Employed,No,I don't know,No,Lost a job/had hours cut,2024-Q4,1800.0,4000
SLCM_1237,2,2,No,3000.0,Full-time employment,Employed,No,Yes,No,Lost a job/had hours cut,2024-Q4,1715.0,3702.82
SLCM_1238,4,0,No,2500.0,Part-time employment,"Employed, but need more hours and/or different work",Yes,I don't know,,Lost a job/had hours cut,2026-Q3,567.0,5000
SLCM_1239,1,0,No,3000.0,Full-time employment,Employed,No,Yes,Yes,Have to pay other debt,2025-Q1,1245.0,3463
SLCM_1240,1,1,No,500.0,Child support,Unemployed but want to find work,No,Yes,No,Lost a job/had hours cut,2025-Q2,1600.0,4000
SLCM_1241,2,0,No,0.0,No income,"Employed, but need more hours and/or different work",No,Yes,Yes,Lost a job/had hours cut,2025-Q1,1300.0,5300
SLCM_1242,1,0,No,980.0,Social Security - SSI/SSDI,Unemployed and not looking for work,Yes,Yes,Yes,Unexpected expense,2025-Q4,91.0,991
SLCM_1243,1,3,No,2600.0,"Full-time employment, Food benefits - TANF/SNAP",Employed,No,Yes,Yes,Other,2026-Q1,576.0,7000
SLCM_1244,2,2,No,300.0,"Full-time employment, No income",Other,No,Yes,No,Lost a job/had hours cut,2024-Q4,550.0,550
SLCM_1245,0,2,No,1500.0,Part-time employment,"Employed, but need more hours and/or different work",No,Yes,Yes,Rent increase,2026-Q2,902.0,1873.24
SLCM_1246,2,0,No,1200.0,Part-time employment,"Employed, but need more hours and/or different work",Yes,I don't know,No,Unexpected expense,2024-Q4,476.0,1268.7
SLCM_1247,1,3,No,2000.0,"Full-time employment, Food benefits - TANF/SNAP","Employed, but need more hours and/or different work",No,Yes,No,Lost a job/had hours cut,2025-Q4,1350.0,4.44
SLCM_1248,1,0,No,925.0,Social Security - SSI/SSDI,Unemployed but want to find work,No,Yes,Yes,Other,2026-Q1,900.0,2448
SLCM_1249,2,3,No,3800.0,Full-time employment,"Employed, but need more hours and/or different work",No,Yes,No,Lost a job/had hours cut,2025-Q3,1995.0,6495
SLCM_1250,2,1,Yes,750.0,"Social Security - SSI/SSDI, Food benefits - TANF/SNAP",Unemployed but want to find work,No,Yes,No,Rent increase,2026-Q2,125.0,1235
SLCM_1251,1,1,No,2500.0,Full-time employment,Employed,No,Yes,No,Other,2025-Q4,1029.0,2800
SLCM_1252,1,0,No,2000.0,Full-time employment,Employed,No,Yes,No,Other,2026-Q2,600.0,0
SLCM_1253,1,1,No,2000.0,Full-time employment,Employed,No,I don't know,No,Lost a job/had hours cut,2025-Q2,1300.0,2500
SLCM_1254,2,2,No,1200.0,Other,Unemployed but want to find work,No,Yes,Yes,Withheld rent because of problems with my housing,2025-Q4,1000.0,0
SLCM_1255,1,3,No,2800.0,Full-time employment,Employed,No,Yes,Yes,Lost a job/had hours cut,2026-Q3,1299.0,1700
SLCM_1256,1,2,No,0.0,"Food benefits - TANF/SNAP, No income",Unemployed but want to find work,No,Yes,Yes,Lost a job/had hours cut,2025-Q3,1183.0,3795
SLCM_1257,2,2,No,4583.0,Full-time employment,Employed,No,I don't know,No,Lost a job/had hours cut,2025-Q1,1875.0,3585
SLCM_1258,4,3,No,1100.0,Full-time employment,Employed,No,Yes,No,Unexpected expense,2026-Q2,1307.0,9000
SLCM_1259,1,1,No,960.0,Part-time employment,"Employed, but need more hours and/or different work",No,Yes,Yes,Other,2025-Q3,950.0,0
SLCM_1260,0,3,No,656.0,Food benefits - TANF/SNAP,Unemployed but want to find work,No,Yes,Yes,Lost a job/had hours cut,2024-Q4,1425.0,5000
SLCM_1261,2,2,No,2068.0,Full-time employment,Employed,No,I don't know,No,Lost a job/had hours cut,2024-Q4,970.0,575
SLCM_1262,1,2,No,0.0,"Food benefits - TANF/SNAP, No income",Unemployed but want to find work,No,Yes,Yes,Lost a job/had hours cut,2026-Q1,944.0,5000
SLCM_1263,1,1,No,1200.0,Part-time employment,"Employed, but need more hours and/or different work",No,I don't know,No,Have to pay other debt,2025-Q2,1301.0,1351
SLCM_1264,1,5,No,0.0,No income,Unemployed but want to find work,No,Yes,Yes,Other,2025-Q3,1700.0,7100
SLCM_1265,1,1,No,,Full-time employment,Employed,No,Yes,Yes,Have to pay other debt,2025-Q4,999.0,2500
SLCM_1266,1,0,No,0.0,"Food benefits - TANF/SNAP, No income",Unemployed but want to find work,No,Yes,Yes,Other,2025-Q3,600.0,600
SLCM_1267,1,1,No,1000.0,"Full-time employment, No income",Unemployed and not looking for work,No,I don't know,Yes,Lost a job/had hours cut,2025-Q4,675.0,1400
SLCM_1268,1,5,No,4000.0,Full-time employment,Employed,No,Yes,Yes,Have to pay other debt,2026-Q2,1250.0,2700
SLCM_1269,1,0,No,100.0,"No income, Other",Unemployed but want to find work,No,Yes,No,Lost a job/had hours cut,2026-Q3,1000.0,3000
SLCM_1270,1,0,No,0.0,Food benefits - TANF/SNAP,Unemployed but want to find work,Yes,Yes,No,Other,2025-Q1,0.0,49
SLCM_1271,0,0,No,1500.0,Social Security - SSI/SSDI,Unemployed and not looking for work,No,Yes,No,Unexpected expense,2024-Q4,720.0,3920
SLCM_1272,1,2,No,4250.0,"Full-time employment, No income",Employed,No,Yes,Yes,Lost a job/had hours cut,2026-Q3,1195.0,4891.51
SLCM_1273,2,0,No,0.0,No income,Unemployed but want to find work,No,Yes,Yes,Lost a job/had hours cut,2025-Q1,1370.0,1597
SLCM_1274,1,0,No,4000.0,Full-time employment,Employed,No,Yes,No,Lost a job/had hours cut,2026-Q1,875.0,3000
SLCM_1275,1,0,No,2000.0,"Part-time employment, No income",Unemployed but want to find work,No,Yes,Yes,Unexpected expense,2025-Q1,1525.0,6000
SLCM_1276,2,1,No,0.0,No income,Unemployed but want to find work,No,I don't know,No,Lost a job/had hours cut,2025-Q3,1086.0,2200
SLCM_1277,1,2,No,2200.0,"Full-time employment, Food benefits - TANF/SNAP",Employed,No,Yes,No,Lost a job/had hours cut,2025-Q2,1679.0,4400
SLCM_1278,1,3,No,0.0,"Food benefits - TANF/SNAP, No income",Unemployed but want to find work,Yes,I don't know,Yes,Lost a job/had hours cut,2026-Q1,298.0,596
SLCM_1279,1,2,No,2700.0,"Full-time employment, Child support",Employed,No,Yes,Yes,Rent increase,2025-Q1,1398.0,2800
SLCM_1280,1,1,No,500.0,"Food benefits - TANF/SNAP, No income",Unemployed but want to find work,No,I don't know,Yes,Other,2026-Q2,1500.0,1775
SLCM_1281,2,0,No,2000.0,Full-time employment,Employed,No,I don't know,Yes,Other,2025-Q2,1200.0,3800
SLCM_1282,2,0,No,,"Part-time employment, Social Security - SSI/SSDI","Employed, but need more hours and/or different work",No,I don't know,No,Lost a job/had hours cut,2026-Q1,1200.0,1400
SLCM_1283,1,0,No,,No income,Unemployed but want to find work,No,Yes,I don't know,Other,2024-Q4,450.0,900
SLCM_1284,1,0,No,2419.0,Full-time employment,"Employed, but need more hours and/or different work",No,I don't know,No,Lost a job/had hours cut,2026-Q1,1200.0,2126
SLCM_1285,2,3,No,7000.0,Full-time employment,Employed,No,I don't know,No,Lost a job/had hours cut,2025-Q1,1200.0,4000
SLCM_1286,1,0,No,2000.0,Full-time employment,"Employed, but need more hours and/or different work",No,Yes,I don't know,Lost a job/had hours cut,2026-Q1,1126.0,1264
SLCM_1287,3,4,No,800.0,Part-time employment,Unemployed but want to find work,No,Yes,Yes,Lost a job/had hours cut,2025-Q1,975.0,1400
SLCM_1288,0,1,No,900.0,No income,Unemployed and not looking for work,Yes,Yes,Yes,,2025-Q2,0.0,674
SLCM_1289,1,0,No,,"Full-time employment, Part-time employment","Employed, but need more hours and/or different work",No,Yes,I don't know,Lost a job/had hours cut,2025-Q2,1250.0,4000
SLCM_1290,1,0,No,0.0,No income,Unemployed but want to find work,No,Yes,Yes,Lost a job/had hours cut,2026-Q1,850.0,1150
SLCM_1291,1,0,No,0.0,No income,Other,No,Yes,Yes,Other,2026-Q1,1125.0,3376
SLCM_1292,2,1,No,0.0,"Food benefits - TANF/SNAP, No income",Unemployed but want to find work,Yes,I don't know,No,Rent increase,2025-Q3,0.0,3000
SLCM_1293,2,0,Yes,880.0,"Social Security - SSI/SSDI, Food benefits - TANF/SNAP, No income",Unemployed but want to find work,No,Yes,No,Lost a job/had hours cut,2026-Q1,1100.0,1100
SLCM_1294,0,1,No,0.0,"Food benefits - TANF/SNAP, No income",Unemployed but want to find work,No,I don't know,Yes,Lost a job/had hours cut,2026-Q2,860.0,1600
SLCM_1295,1,0,No,1000.0,Part-time employment,"Employed, but need more hours and/or different work",No,Yes,No,Lost a job/had hours cut,2026-Q2,750.0,1500
SLCM_1296,2,0,No,2700.0,Full-time employment,Employed,No,Yes,Yes,Lost a job/had hours cut,2026-Q1,1358.0,2758
SLCM_1297,1,1,No,0.0,No income,Unemployed but want to find work,No,Yes,No,Withheld rent because of problems with my housing,2025-Q3,1000.0,1000
SLCM_1298,2,0,No,0.0,"Food benefits - TANF/SNAP, No income",Unemployed but want to find work,No,I don't know,No,Lost a job/had hours cut,2025-Q3,916.0,5000
SLCM_1299,1,2,No,1200.0,Part-time employment,Employed,No,Yes,Yes,Lost a job/had hours cut,2025-Q4,1111.0,1111
SLCM_1300,6,6,No,500.0,"Full-time employment, Part-time employment, Food benefits - TANF/SNAP",Unemployed but want to find work,No,Yes,Yes,Withheld rent because of problems with my housing,2026-Q1,3500.0,1500
SLCM_1301,0,0,No,950.0,"Social Security - SSI/SSDI, Food benefits - TANF/SNAP",Unemployed but want to find work,No,Yes,No,Withheld rent because of problems with my housing,2025-Q4,850.0,0
SLCM_1302,1,1,No,0.0,No income,Unemployed but want to find work,No,Yes,No,Withheld rent because of problems with my housing,2024-Q4,895.0,2500
SLCM_1303,2,0,Yes,990.0,Social Security - SSI/SSDI,Unemployed and not looking for work,No,Yes,Yes,Unexpected expense,2025-Q4,1346.0,2580
SLCM_1304,1,1,No,,"Full-time employment, Food benefits - TANF/SNAP","Employed, but need more hours and/or different work",I don't know,I don't know,No,Lost a job/had hours cut,2025-Q1,1400.0,900
SLCM_1305,1,0,No,0.0,No income,Unemployed but want to find work,No,I don't know,Yes,Lost a job/had hours cut,2026-Q1,700.0,850
SLCM_1306,1,0,No,850.0,Social Security - SSI/SSDI,Unemployed but want to find work,No,Yes,No,Other,2025-Q1,240.0,1700
SLCM_1307,0,0,Prefer not to answer,2800.0,"Full-time employment, Unemployment benefits",Unemployed but want to find work,No,I don't know,No,Lost a job/had hours cut,2026-Q2,1350.0,1760
SLCM_1308,2,0,Yes,994.0,Social Security - SSI/SSDI,Other,No,Yes,No,Unexpected expense,2026-Q2,864.0,1064
SLCM_1309,2,0,No,4350.0,"Full-time employment, Social Security - SSI/SSDI",Other,No,I don't know,Yes,Lost a job/had hours cut,2025-Q3,1860.0,2035
SLCM_1310,0,1,No,2768.0,"Full-time employment, Other",Employed,No,Yes,Yes,Other,2025-Q2,1384.0,11540
SLCM_1311,1,2,No,2660.8,"Full-time employment, Child support, Food benefits - TANF/SNAP",Employed,No,Yes,Yes,Rent increase,2026-Q1,1800.0,6000
SLCM_1312,2,0,Yes,1900.0,"Veterans benefits, Social Security - SSI/SSDI",Unemployed and not looking for work,No,Yes,I don't know,Other,2026-Q1,500.0,500
SLCM_1313,3,1,No,4100.0,"Full-time employment, Part-time employment",Employed,No,I don't know,I don't know,Rent increase,2026-Q3,1100.0,1700
SLCM_1314,1,0,No,300.0,Part-time employment,"Employed, but need more hours and/or different work",No,Yes,No,Withheld rent because of problems with my housing,2025-Q4,360.0,900
SLCM_1315,0,0,No,3200.0,Full-time employment,Employed,No,Yes,No,Lost a job/had hours cut,2026-Q1,1500.0,1861
SLCM_1316,2,1,No,967.0,"Food benefits - TANF/SNAP, No income",Unemployed but want to find work,Yes,Yes,No,Other,2025-Q1,300.0,2100
SLCM_1317,1,1,No,3000.0,Full-time employment,"Employed, but need more hours and/or different work",No,Yes,No,Other,2025-Q2,1385.0,1600
SLCM_1318,1,2,No,2500.0,Full-time employment,"Employed, but need more hours and/or different work",No,Yes,Yes,Lost a job/had hours cut,2026-Q3,1025.0,4500
SLCM_1319,2,5,No,997.0,"Social Security - SSI/SSDI, Food benefits - TANF/SNAP",Unemployed but want to find work,No,Yes,Yes,Lost a job/had hours cut,2026-Q2,600.0,2400
SLCM_1320,1,0,No,2000.0,Part-time employment,Other,No,Yes,Yes,Unexpected expense,2025-Q3,2395.0,2500
SLCM_1321,2,1,No,1200.0,Full-time employment,Employed,Yes,Yes,No,Other,2026-Q2,643.0,800
SLCM_1322,1,3,No,1600.0,Full-time employment,Employed,No,Yes,Yes,Lost a job/had hours cut,2025-Q4,1183.0,2619.27
SLCM_1323,1,3,No,,Food benefits - TANF/SNAP,Unemployed but want to find work,No,Yes,No,Change to public benefits,2025-Q2,1000.0,4000
SLCM_1324,1,2,No,0.0,"Full-time employment, Child support",Employed,No,I don't know,No,Lost a job/had hours cut,2026-Q2,1477.0,927
SLCM_1325,1,1,No,0.0,"Food benefits - TANF/SNAP, No income",Unemployed but want to find work,No,Yes,No,Other,2026-Q2,1187.25,1187.25
SLCM_1326,2,0,No,500.0,"Social Security - SSI/SSDI, Food benefits - TANF/SNAP",Unemployed but want to find work,No,Yes,No,Lost a job/had hours cut,2025-Q1,900.0,3000
SLCM_1327,2,0,No,,Full-time employment,Employed,No,Yes,No,Lost a job/had hours cut,2024-Q4,963.0,2238.41
SLCM_1328,1,0,No,0.0,"Food benefits - TANF/SNAP, No income",Unemployed but want to find work,No,Yes,No,Lost a job/had hours cut,2024-Q4,0.0,0
SLCM_1329,2,0,No,1500.0,"Part-time employment, Food benefits - TANF/SNAP","Employed, but need more hours and/or different work",No,Yes,Yes,Unexpected expense,2026-Q2,1315.0,3256
SLCM_1330,1,1,No,500.0,Food benefits - TANF/SNAP,Unemployed but want to find work,No,I don't know,I don't know,Change to public benefits,2025-Q4,700.0,500
SLCM_1331,3,1,Yes,5800.0,"Part-time employment, Veterans benefits, Social Security - SSI/SSDI",Employed,No,Yes,No,Other,2025-Q3,2100.0,3000
SLCM_1332,1,2,No,0.0,"Food benefits - TANF/SNAP, No income",Unemployed but want to find work,No,Yes,I don't know,Withheld rent because of problems with my housing,2026-Q1,1100.0,1100
SLCM_1333,1,2,No,0.0,Food benefits - TANF/SNAP,Other,Yes,Yes,No,Other,2026-Q2,65.0,570
SLCM_1334,1,1,No,,"Food benefits - TANF/SNAP, No income",Unemployed but want to find work,Yes,I don't know,Yes,Unexpected expense,2025-Q2,1200.0,860
SLCM_1335,0,0,No,0.0,No income,Unemployed and not looking for work,Yes,I don't know,No,Withheld rent because of problems with my housing,2026-Q2,235.0,3500
SLCM_1336,1,1,No,0.0,"Food benefits - TANF/SNAP, No income",Unemployed but want to find work,No,Yes,No,Lost a job/had hours cut,2026-Q2,1200.0,6000
SLCM_1337,1,0,No,300.0,No income,Unemployed but want to find work,No,Yes,Yes,Lost a job/had hours cut,2026-Q3,1500.0,3600
SLCM_1338,1,0,Yes,1700.0,"Spousal support (Alimony), Social Security - SSI/SSDI",Other,Yes,Yes,No,Other,2026-Q3,388.0,3700
SLCM_1339,2,1,No,4000.0,Full-time employment,Employed,No,Yes,Yes,Unexpected expense,2025-Q3,1300.0,2500
SLCM_1340,3,1,No,,"Food benefits - TANF/SNAP, No income",Other,No,Yes,Yes,Other,2025-Q1,700.0,1400
SLCM_1341,1,0,No,1.035,No income,Unemployed but want to find work,Yes,I don't know,No,Have to pay other debt,2025-Q3,475.0,576.94
SLCM_1342,1,0,No,0.0,No income,Unemployed but want to find work,I don't know,Yes,Yes,Lost a job/had hours cut,2026-Q1,590.0,590
SLCM_1343,0,0,No,0.0,Food benefits - TANF/SNAP,Other,No,Yes,No,Withheld rent because of problems with my housing,2025-Q3,944.0,2800
SLCM_1344,1,0,No,0.0,No income,Unemployed but want to find work,No,Yes,Yes,Lost a job/had hours cut,2026-Q1,1126.0,1126
SLCM_1345,1,0,No,4951.0,"Full-time employment, Part-time employment",Employed,No,Yes,Yes,Other,2026-Q3,1200.0,4100
SLCM_1346,1,0,No,0.0,No income,Unemployed and not looking for work,No,Yes,Yes,Lost a job/had hours cut,2024-Q4,625.0,1750
SLCM_1347,1,0,No,0.0,No income,"Employed, but need more hours and/or different work",No,Yes,Yes,Other,2026-Q3,1359.0,2200
SLCM_1348,1,0,No,0.0,"Food benefits - TANF/SNAP, No income",Unemployed but want to find work,No,I don't know,No,Lost a job/had hours cut,2025-Q2,650.0,2130
SLCM_1349,1,3,No,500.0,"No income, Other",Unemployed but want to find work,No,Yes,No,Unexpected expense,2026-Q3,1365.0,1470
SLCM_1350,1,0,No,3000.0,Full-time employment,Employed,No,Yes,Yes,Other,2026-Q2,1125.0,1552.56
SLCM_1351,1,0,Yes,1014.0,Social Security - SSI/SSDI,Unemployed and not looking for work,Yes,I don't know,No,Other,2026-Q3,290.0,325
SLCM_1352,1,0,No,0.0,No income,Unemployed but want to find work,No,I don't know,Yes,Lost a job/had hours cut,2025-Q1,572.0,572
SLCM_1353,1,0,No,1659.0,Social Security - SSI/SSDI,Unemployed but want to find work,Yes,Yes,No,Change to public benefits,2024-Q4,488.0,1500
SLCM_1354,2,1,No,2000.0,Full-time employment,Employed,No,Yes,Yes,Other,2025-Q1,1349.0,1579.64
SLCM_1355,1,1,No,600.0,"Part-time employment, Food benefits - TANF/SNAP",Employed,I don't know,Yes,Yes,Unexpected expense,2025-Q2,750.0,750
SLCM_1356,2,1,No,0.0,"No income, Other",Unemployed but want to find work,No,I don't know,Yes,Lost a job/had hours cut,2025-Q1,,2400
SLCM_1357,1,0,No,0.0,"Full-time employment, Part-time employment, Unemployment benefits, Food benefits - TANF/SNAP",Unemployed but want to find work,No,I don't know,No,Have to pay other debt,2024-Q4,650.0,5200
SLCM_1358,1,0,No,165.0,Pension,Unemployed but want to find work,I don't know,I don't know,No,Unexpected expense,2024-Q4,52.0,1000
SLCM_1359,2,0,No,2000.0,Social Security - SSI/SSDI,Employed,No,Yes,No,Other,2025-Q4,1072.0,2555
SLCM_1360,1,0,No,1060.0,Social Security - SSI/SSDI,Unemployed and not looking for work,No,Yes,No,Have to pay other debt,2025-Q2,325.0,1125
SLCM_1361,1,0,No,3000.0,Full-time employment,Employed,No,Yes,Yes,Other,2026-Q2,962.0,2998
SLCM_1362,2,3,No,0.0,No income,Unemployed but want to find work,No,Yes,Yes,Lost a job/had hours cut,2025-Q3,939.0,1223.75
SLCM_1363,1,3,No,323.0,Social Security - SSI/SSDI,Unemployed but want to find work,Yes,Yes,No,Lost a job/had hours cut,2026-Q2,1300.0,1850
SLCM_1364,1,4,No,0.0,No income,Employed,No,Yes,Yes,Lost a job/had hours cut,2025-Q1,1250.0,1407
SLCM_1365,2,2,No,0.0,"Food benefits - TANF/SNAP, No income",Unemployed but want to find work,No,Yes,Yes,Have to pay other debt,2025-Q4,350.0,1400
SLCM_1366,1,0,No,0.0,No income,Unemployed but want to find work,No,Yes,No,Lost a job/had hours cut,2025-Q3,500.0,2000
SLCM_1367,1,1,No,0.0,No income,Unemployed and not looking for work,Yes,Yes,Yes,Withheld rent because of problems with my housing,2025-Q2,1600.0,1800
SLCM_1368,1,0,No,2185.0,Other,Other,No,Yes,Yes,Rent increase,2026-Q3,907.0,1566
SLCM_1369,3,2,No,1400.0,"Child support, Social Security - SSI/SSDI",Unemployed but want to find work,No,Yes,Yes,Lost a job/had hours cut,2025-Q3,1050.0,1050
SLCM_1370,1,1,No,820.0,Social Security - SSI/SSDI,Unemployed and not looking for work,I don't know,Yes,No,Other,2025-Q2,1245.0,1245
SLCM_1371,1,4,No,1000.0,"Part-time employment, Child support, Food benefits - TANF/SNAP","Employed, but need more hours and/or different work",I don't know,I don't know,Yes,Lost a job/had hours cut,2025-Q4,635.0,1000
SLCM_1372,0,0,No,2800.0,Full-time employment,Employed,No,Yes,No,Other,2025-Q3,1045.0,2500
SLCM_1373,1,0,No,0.0,"Food benefits - TANF/SNAP, No income",Other,Yes,Yes,No,Other,2026-Q2,900.0,900
SLCM_1374,2,0,No,1400.0,"Full-time employment, Child support",Unemployed but want to find work,No,Yes,No,Lost a job/had hours cut,2025-Q1,1689.0,1689
SLCM_1375,2,0,No,2400.0,Social Security - SSI/SSDI,Other,No,Yes,Yes,Have to pay other debt,2025-Q1,1700.0,5800
SLCM_1376,1,0,No,2200.0,Full-time employment,Employed,No,Yes,No,Unexpected expense,2025-Q1,902.0,3563
SLCM_1377,1,2,No,2900.0,Full-time employment,Employed,No,Yes,No,Unexpected expense,2024-Q4,995.0,2300
SLCM_1378,1,0,No,1500.0,Full-time employment,Employed,No,Yes,Yes,Lost a job/had hours cut,2025-Q1,1600.0,1840
SLCM_1379,1,0,No,391.0,No income,Unemployed but want to find work,No,Yes,No,Lost a job/had hours cut,2025-Q3,291.0,500
SLCM_1380,1,0,No,961.0,Social Security - SSI/SSDI,Unemployed but want to find work,Yes,Yes,No,Change to public benefits,2025-Q2,192.0,1000
SLCM_1381,2,1,No,3900.0,Full-time employment,Employed,No,Yes,No,Lost a job/had hours cut,2025-Q3,2300.0,11000
SLCM_1382,2,1,No,900.0,"Social Security - SSI/SSDI, Food benefits - TANF/SNAP",Unemployed but want to find work,No,I don't know,No,Lost a job/had hours cut,2026-Q2,1200.0,16004.07
SLCM_1383,0,2,No,0.0,"Food benefits - TANF/SNAP, No income",Unemployed but want to find work,No,Yes,Yes,Unexpected expense,2025-Q4,825.0,2.27
SLCM_1384,3,1,No,6000.0,"Full-time employment, Social Security - SSI/SSDI, No income","Employed, but need more hours and/or different work",No,Yes,Yes,Unexpected expense,2024-Q4,1080.0,2000
SLCM_1385,1,0,No,900.0,Social Security - SSI/SSDI,Unemployed but want to find work,Yes,Yes,No,Unexpected expense,2025-Q3,800.0,4000
SLCM_1386,0,0,No,800.0,Food benefits - TANF/SNAP,Employed,No,Yes,No,Lost a job/had hours cut,2025-Q3,624.0,2184
SLCM_1387,1,2,No,800.0,Social Security - SSI/SSDI,Other,Yes,Yes,No,Other,2025-Q3,350.0,2000
SLCM_1388,1,4,No,2500.0,Full-time employment,Employed,No,I don't know,No,Lost a job/had hours cut,2026-Q2,1725.0,2700
SLCM_1389,2,2,No,1988.0,Social Security - SSI/SSDI,Other,No,I don't know,Yes,Other,2026-Q3,1190.0,1190
SLCM_1390,2,2,No,3000.0,Full-time employment,Employed,No,Yes,I don't know,Unexpected expense,2025-Q3,1300.0,3300
SLCM_1391,1,0,No,2000.0,"Full-time employment, Food benefits - TANF/SNAP","Employed, but need more hours and/or different work",No,Yes,No,Other,2024-Q4,1200.0,3200
SLCM_1392,1,2,No,4000.0,Full-time employment,Employed,No,Yes,No,Unexpected expense,2026-Q1,1600.0,6000
SLCM_1393,1,0,No,298.0,Food benefits - TANF/SNAP,Other,Yes,I don't know,No,,2026-Q1,1077.0,0
SLCM_1394,0,4,No,800.0,"Part-time employment, Food benefits - TANF/SNAP","Employed, but need more hours and/or different work",No,Yes,No,Withheld rent because of problems with my housing,2026-Q3,493.0,5374
SLCM_1395,2,1,No,0.0,"Child support, Food benefits - TANF/SNAP, No income",Unemployed but want to find work,No,Yes,No,Rent increase,2025-Q2,400.0,2800
SLCM_1396,1,1,No,0.0,No income,Unemployed and not looking for work,No,Yes,Yes,Lost a job/had hours cut,2025-Q3,500.0,1000
SLCM_1397,1,1,No,1200.0,Social Security - SSI/SSDI,Unemployed and not looking for work,No,Yes,Yes,Unexpected expense,2026-Q3,212.0,800
SLCM_1398,1,1,No,0.0,"Food benefits - TANF/SNAP, No income",Unemployed but want to find work,No,I don't know,Yes,Lost a job/had hours cut,2025-Q1,1025.0,4100
SLCM_1399,1,0,No,0.0,No income,Other,No,Yes,No,Other,2025-Q1,675.0,1485
SLCM_1400,1,1,No,200.0,"Food benefits - TANF/SNAP, No income",Unemployed but want to find work,No,Yes,No,Lost a job/had hours cut,2025-Q4,600.0,800
SLCM_1401,1,1,No,500.0,"Social Security - SSI/SSDI, Pension, No income",Unemployed but want to find work,No,Yes,No,Other,2025-Q1,895.0,4355
SLCM_1402,2,0,No,,Full-time employment,Employed,No,Yes,Yes,Lost a job/had hours cut,2024-Q4,850.0,850
SLCM_1403,1,3,No,0.0,"Part-time employment, Food benefits - TANF/SNAP","Employed, but need more hours and/or different work",I don't know,Yes,No,Lost a job/had hours cut,2025-Q3,395.0,2780
SLCM_1404,1,4,No,3500.0,"Full-time employment, Social Security - SSI/SSDI",Employed,No,Yes,Yes,Lost a job/had hours cut,2025-Q1,1399.0,3271
SLCM_1405,2,0,No,6000.0,Social Security - SSI/SSDI,Unemployed and not looking for work,I don't know,I don't know,Yes,Withheld rent because of problems with my housing,2026-Q1,1085.0,3500
SLCM_1406,2,0,No,0.0,No income,Unemployed but want to find work,No,I don't know,Yes,Lost a job/had hours cut,2026-Q3,700.0,1700
SLCM_1407,2,3,No,0.0,No income,Unemployed but want to find work,Yes,Yes,Yes,Unexpected expense,2025-Q3,655.0,1328
SLCM_1408,5,4,No,1900.0,"Social Security - SSI/SSDI, Food benefits - TANF/SNAP",Unemployed but want to find work,No,Yes,No,Change to public benefits,2026-Q3,750.0,1900
SLCM_1409,0,0,No,1500.0,Full-time employment,Unemployed but want to find work,No,Yes,No,Lost a job/had hours cut,2024-Q4,925.0,2100
SLCM_1410,1,3,No,834.0,"Social Security - SSI/SSDI, Food benefits - TANF/SNAP",Unemployed but want to find work,No,Yes,Yes,Lost a job/had hours cut,2026-Q2,1100.0,2000
SLCM_1411,0,0,No,0.0,No income,Other,No,Yes,Yes,Lost a job/had hours cut,2025-Q3,769.0,2782.29
SLCM_1412,1,0,No,1075.0,"Social Security - SSI/SSDI, Food benefits - TANF/SNAP",Unemployed and not looking for work,I don't know,Yes,No,Other,2026-Q2,283.0,18795
SLCM_1413,1,0,No,898.0,Social Security - SSI/SSDI,Other,Yes,I don't know,No,Unexpected expense,2026-Q3,209.0,0
SLCM_1414,1,2,No,1080.0,"Social Security - SSI/SSDI, Food benefits - TANF/SNAP",Unemployed and not looking for work,No,Yes,Yes,Change to public benefits,2026-Q3,1050.0,2050
SLCM_1415,1,0,No,0.0,"Food benefits - TANF/SNAP, No income",Unemployed and not looking for work,No,Yes,Yes,Other,2026-Q1,850.002,2550
SLCM_1416,1,0,Yes,,"Social Security - SSI/SSDI, Food benefits - TANF/SNAP",Unemployed and not looking for work,No,I don't know,No,Unexpected expense,2025-Q1,883.44,1008.44
SLCM_1417,1,1,No,2200.0,Full-time employment,Employed,No,Yes,No,Unexpected expense,2026-Q2,1299.0,4000
SLCM_1418,2,1,No,247.0,Child support,Other,No,Yes,No,Other,2026-Q1,775.0,1700
SLCM_1419,1,2,No,2000.0,Full-time employment,Employed,No,Yes,No,Have to pay other debt,2026-Q2,1315.0,3865
SLCM_1420,1,0,No,2500.0,Full-time employment,Employed,No,Yes,No,Other,2025-Q2,650.0,1200
SLCM_1421,1,0,No,997.0,Social Security - SSI/SSDI,Other,Yes,I don't know,No,Unexpected expense,2026-Q3,985.0,1200
SLCM_1422,2,1,No,3400.0,Part-time employment,"Employed, but need more hours and/or different work",No,Yes,Yes,Other,2025-Q2,1750.0,6085
SLCM_1423,1,0,No,3158.0,Full-time employment,Employed,No,Yes,I don't know,Lost a job/had hours cut,2024-Q4,1059.0,3847.61
SLCM_1424,2,0,No,0.0,No income,Employed,No,Yes,No,Withheld rent because of problems with my housing,2026-Q3,0.0,1950
SLCM_1425,1,0,No,0.0,No income,Unemployed but want to find work,No,Yes,Yes,Lost a job/had hours cut,2025-Q3,1408.0,1531
SLCM_1426,2,2,No,2100.0,Full-time employment,Employed,No,Yes,No,Lost a job/had hours cut,2026-Q2,688.25,688.25
SLCM_1427,0,0,No,2200.0,Full-time employment,Employed,No,Yes,No,Lost a job/had hours cut,2025-Q2,1310.0,2720
SLCM_1428,2,1,No,1200.0,Part-time employment,"Employed, but need more hours and/or different work",No,Yes,Yes,Lost a job/had hours cut,2026-Q3,1050.0,4500
SLCM_1429,1,1,No,1500.0,"Part-time employment, Pension","Employed, but need more hours and/or different work",I don't know,I don't know,Yes,Lost a job/had hours cut,2026-Q2,1050.0,2100
SLCM_1430,1,0,No,400.0,Social Security - SSI/SSDI,Other,No,Yes,Yes,Lost a job/had hours cut,2025-Q3,833.0,889
SLCM_1431,1,0,No,0.0,"Food benefits - TANF/SNAP, No income",Unemployed but want to find work,No,Yes,No,Withheld rent because of problems with my housing,2025-Q2,500.0,500
SLCM_1432,1,0,No,925.0,Social Security - SSI/SSDI,Other,Yes,I don't know,No,Other,2026-Q3,89.0,165
SLCM_1433,1,0,No,2200.0,Full-time employment,Employed,No,Yes,No,Lost a job/had hours cut,2025-Q2,475.0,1440
SLCM_1434,1,0,No,1396.0,Veterans benefits,Unemployed and not looking for work,No,Yes,Yes,Other,2025-Q3,895.0,3600
SLCM_1435,1,0,No,293.0,Food benefits - TANF/SNAP,Other,Yes,I don't know,Yes,Other,2025-Q3,850.0,2576
SLCM_1436,2,1,No,3333.0,Full-time employment,Employed,Yes,I don't know,Yes,Rent increase,2025-Q1,1245.0,2100
SLCM_1437,1,3,No,2500.0,Full-time employment,"Employed, but need more hours and/or different work",No,Yes,No,Lost a job/had hours cut,2025-Q1,850.0,2000
SLCM_1438,1,1,No,1200.0,Part-time employment,"Employed, but need more hours and/or different work",No,Yes,No,Lost a job/had hours cut,2026-Q1,308.0,1200
SLCM_1439,1,0,No,0.0,No income,Unemployed but want to find work,No,Yes,I don't know,Unexpected expense,2026-Q1,1447.0,1710
SLCM_1440,1,2,No,0.0,Food benefits - TANF/SNAP,Unemployed but want to find work,No,Yes,Yes,Lost a job/had hours cut,2025-Q1,900.0,1500
SLCM_1441,1,1,No,500.0,Part-time employment,"Employed, but need more hours and/or different work",No,I don't know,No,Lost a job/had hours cut,2026-Q2,1250.0,1250
SLCM_1442,3,1,Yes,4000.0,"Full-time employment, Social Security - SSI/SSDI","Employed, but need more hours and/or different work",No,Yes,No,Have to pay other debt,2025-Q2,1350.0,5000
SLCM_1443,2,3,No,1200.0,Full-time employment,"Employed, but need more hours and/or different work",No,Yes,Yes,Lost a job/had hours cut,2025-Q1,1040.0,5600
SLCM_1444,2,3,No,1200.0,"Full-time employment, No income",Unemployed but want to find work,No,Yes,I don't know,Lost a job/had hours cut,2026-Q1,1250.0,3000
SLCM_1445,0,0,No,0.0,Unemployment benefits,Unemployed but want to find work,No,Yes,No,Lost a job/had hours cut,2026-Q2,847.0,3750
SLCM_1446,4,0,No,600.0,"Full-time employment, Food benefits - TANF/SNAP, No income",Employed,No,I don't know,I don't know,Have to pay other debt,2025-Q2,600.0,5000
SLCM_1447,4,3,No,3000.0,Full-time employment,Employed,No,I don't know,Yes,Lost a job/had hours cut,2025-Q2,720.0,6000
SLCM_1448,1,0,No,0.0,Full-time employment,Employed,No,Yes,No,Unexpected expense,2025-Q4,639.0,839.81
SLCM_1449,1,0,No,,"Full-time employment, Other",Other,No,I don't know,No,Lost a job/had hours cut,2025-Q1,1250.0,1415
SLCM_1450,1,3,No,520.0,Child support,Unemployed but want to find work,Yes,Yes,Yes,Unexpected expense,2024-Q4,240.0,1100
SLCM_1451,2,2,No,2500.0,"Part-time employment, Food benefits - TANF/SNAP","Employed, but need more hours and/or different work",No,Yes,Yes,Lost a job/had hours cut,2026-Q3,1100.0,2200
SLCM_1452,1,2,No,0.0,"Child support, Food benefits - TANF/SNAP, No income",Other,No,Yes,Yes,Other,2025-Q2,1100.0,6600
SLCM_1453,1,0,No,968.0,Social Security - SSI/SSDI,Unemployed but want to find work,Yes,I don't know,Yes,Unexpected expense,2026-Q1,1250.0,750
SLCM_1454,2,0,No,0.0,"No income, Other",Unemployed but want to find work,No,Yes,No,Lost a job/had hours cut,2025-Q4,1035.0,2350
SLCM_1455,1,0,No,983.0,Social Security - SSI/SSDI,Unemployed and not looking for work,No,Yes,Yes,Other,2025-Q1,675.0,1350
SLCM_1456,3,2,Yes,802.0,"Social Security - SSI/SSDI, Food benefits - TANF/SNAP",Unemployed but want to find work,No,I don't know,No,Rent increase,2025-Q4,700.0,1400
SLCM_1457,0,0,No,0.0,Food benefits - TANF/SNAP,"Employed, but need more hours and/or different work",No,I don't know,Yes,Lost a job/had hours cut,2026-Q2,950.0,1250
SLCM_1458,1,2,No,0.0,No income,Unemployed but want to find work,No,Yes,Yes,Lost a job/had hours cut,2025-Q4,1400.0,1000
SLCM_1459,1,0,No,2000.0,"Part-time employment, Food benefits - TANF/SNAP",Employed,No,Yes,No,Lost a job/had hours cut,2025-Q2,700.0,3500
SLCM_1460,2,0,No,3000.0,"Full-time employment, Part-time employment",Employed,No,Yes,No,Withheld rent because of problems with my housing,2025-Q4,1400.0,3000
SLCM_1461,2,1,No,0.0,"Food benefits - TANF/SNAP, No income",Unemployed but want to find work,No,I don't know,Yes,Lost a job/had hours cut,2025-Q3,900.0,950
SLCM_1462,1,1,No,2800.0,Social Security - SSI/SSDI,Unemployed but want to find work,No,Yes,I don't know,Lost a job/had hours cut,2025-Q3,3200.0,9000
SLCM_1463,1,5,No,994.0,Social Security - SSI/SSDI,Unemployed and not looking for work,No,I don't know,Yes,Lost a job/had hours cut,2026-Q2,1600.0,1600
SLCM_1464,2,0,No,2227.0,"Full-time employment, No income",Unemployed and not looking for work,No,I don't know,Yes,Lost a job/had hours cut,2024-Q4,1100.0,1580
SLCM_1465,1,0,No,1165.0,Part-time employment,"Employed, but need more hours and/or different work",No,Yes,No,Unexpected expense,2025-Q3,1000.0,3100
SLCM_1466,1,0,No,0.0,"Food benefits - TANF/SNAP, No income",Other,No,Yes,No,Other,2025-Q2,675.0,4050
SLCM_1467,1,0,No,,Full-time employment,Unemployed but want to find work,No,Yes,I don't know,Withheld rent because of problems with my housing,2025-Q2,1650.0,0
SLCM_1468,1,2,No,1000.0,Food benefits - TANF/SNAP,Other,No,Yes,No,Have to pay other debt,2025-Q2,700.0,1400
SLCM_1469,1,1,No,1500.0,Full-time employment,Employed,No,Yes,I don't know,Unexpected expense,2025-Q2,1209.0,2651
SLCM_1470,1,0,No,0.0,Food benefits - TANF/SNAP,Other,No,I don't know,Yes,Other,2026-Q3,1112.112,1112
SLCM_1471,0,0,No,1500.0,"Full-time employment, Part-time employment","Employed, but need more hours and/or different work",No,I don't know,No,Unexpected expense,2025-Q2,1100.0,1500
SLCM_1472,2,0,No,0.0,"No income, Other",Unemployed but want to find work,No,Yes,No,Lost a job/had hours cut,2025-Q4,1035.0,2340
SLCM_1473,1,0,No,3500.0,Full-time employment,Employed,No,Yes,Yes,Other,2025-Q4,1000.0,1300
SLCM_1474,2,0,No,0.0,Full-time employment,Employed,No,Yes,No,Other,2026-Q2,900.0,1050
SLCM_1475,0,1,No,1200.0,Full-time employment,Employed,No,Yes,No,Withheld rent because of problems with my housing,2025-Q1,1121.0,4449.95
SLCM_1476,1,1,No,1400.0,Full-time employment,Employed,No,I don't know,No,Unexpected expense,2025-Q3,1000.0,1000
SLCM_1477,1,0,No,1300.0,Full-time employment,"Employed, but need more hours and/or different work",No,I don't know,No,Lost a job/had hours cut,2024-Q4,800.0,1800
SLCM_1478,2,2,No,1400.0,"Full-time employment, Food benefits - TANF/SNAP",Unemployed but want to find work,No,I don't know,Yes,Have to pay other debt,2024-Q4,800.0,1600
SLCM_1479,2,0,No,1500.0,Social Security - SSI/SSDI,"Employed, but need more hours and/or different work",No,Yes,Yes,Lost a job/had hours cut,2026-Q3,500.0,1725
SLCM_1480,1,1,Yes,1550.0,"Social Security - SSI/SSDI, Food benefits - TANF/SNAP",Unemployed but want to find work,No,Yes,No,Unexpected expense,2025-Q4,1600.0,3200
SLCM_1481,0,1,No,2200.0,Full-time employment,Employed,No,Yes,Yes,Other,2025-Q4,800.0,2685
SLCM_1482,1,0,No,2455.32,Full-time employment,Employed,Yes,Yes,No,,2026-Q1,514.0,0
SLCM_1483,1,0,No,2000.0,Full-time employment,Employed,No,Yes,No,Lost a job/had hours cut,2025-Q2,750.0,3490
SLCM_1484,1,0,Yes,1628.0,Social Security - SSI/SSDI,Unemployed but want to find work,No,Yes,Yes,Other,2026-Q2,750.0,3600
SLCM_1485,2,3,No,0.0,No income,Unemployed but want to find work,No,Yes,No,Lost a job/had hours cut,2025-Q4,1895.0,4000
SLCM_1486,1,0,No,1000.0,Social Security - SSI/SSDI,Unemployed but want to find work,No,Yes,Yes,Change to public benefits,2025-Q4,875.0,1750
SLCM_1487,5,4,No,2100.0,"Part-time employment, Food benefits - TANF/SNAP","Employed, but need more hours and/or different work",Yes,I don't know,Yes,Change to public benefits,2026-Q2,895.0,895
SLCM_1488,0,0,No,967.0,Social Security - SSI/SSDI,Other,No,Yes,I don't know,Unexpected expense,2025-Q1,425.0,2290
SLCM_1489,1,4,No,3000.0,"Full-time employment, Food benefits - TANF/SNAP",Employed,No,Yes,No,Unexpected expense,2025-Q2,1300.0,3000
SLCM_1490,1,0,No,1280.0,Part-time employment,"Employed, but need more hours and/or different work",No,Yes,No,Unexpected expense,2026-Q2,1000.0,2608.81
SLCM_1491,1,0,No,0.0,No income,Unemployed but want to find work,No,Yes,Yes,Lost a job/had hours cut,2025-Q4,0.0,4000
SLCM_1492,0,0,No,0.0,No income,Unemployed but want to find work,No,Yes,No,Other,2025-Q2,1500.0,4200
SLCM_1493,1,0,No,0.0,No income,Unemployed but want to find work,Yes,Yes,No,Other,2025-Q4,1101.0,0
SLCM_1494,0,0,No,994.0,Social Security - SSI/SSDI,Other,No,I don't know,I don't know,Unexpected expense,2026-Q2,775.0,775
SLCM_1495,1,0,No,200.0,No income,Unemployed but want to find work,No,Yes,No,Lost a job/had hours cut,2026-Q1,1362.5,5033.28
SLCM_1496,1,2,No,2000.0,Full-time employment,Employed,No,Yes,Yes,Unexpected expense,2025-Q2,1402.0,4500
SLCM_1497,1,0,No,450.0,Food benefits - TANF/SNAP,Unemployed but want to find work,No,Yes,No,Unexpected expense,2026-Q1,350.0,4500
SLCM_1498,1,4,No,1700.0,"Social Security - SSI/SSDI, Food benefits - TANF/SNAP, No income",Unemployed but want to find work,No,Yes,Yes,Change to public benefits,2025-Q4,1300.0,3000
SLCM_1499,0,0,No,1575.0,"Full-time employment, Food benefits - TANF/SNAP",Employed,No,Yes,No,Other,2026-Q3,536.5,0
SLCM_1500,0,1,No,1600.0,Other,Employed,No,Yes,No,Have to pay other debt,2025-Q1,980.0,1680
SLCM_1501,1,3,No,0.0,"Food benefits - TANF/SNAP, No income",Other,No,Yes,Yes,Lost a job/had hours cut,2024-Q4,809.0,1725
SLCM_1502,1,0,No,900.0,Part-time employment,"Employed, but need more hours and/or different work",No,Yes,No,Other,2025-Q3,950.0,2000
SLCM_1503,0,0,No,2000.0,Full-time employment,Employed,No,Yes,Yes,Other,2026-Q3,1750.0,4000
SLCM_1504,1,2,No,938.0,Food benefits - TANF/SNAP,Unemployed but want to find work,No,Yes,No,Lost a job/had hours cut,2026-Q1,238.0,2561
SLCM_1505,2,0,No,1700.0,Part-time employment,"Employed, but need more hours and/or different work",No,Yes,Yes,Lost a job/had hours cut,2025-Q3,650.0,1044
SLCM_1506,2,1,No,2000.0,Full-time employment,Employed,No,Yes,Yes,Unexpected expense,2025-Q4,675.0,1600
SLCM_1507,2,0,No,0.0,Food benefits - TANF/SNAP,Unemployed but want to find work,No,Yes,Yes,Withheld rent because of problems with my housing,2025-Q3,0.0,0
SLCM_1508,1,0,No,0.0,Full-time employment,"Employed, but need more hours and/or different work",No,I don't know,No,Lost a job/had hours cut,2026-Q2,600.0,452
SLCM_1509,1,2,No,2000.0,Part-time employment,"Employed, but need more hours and/or different work",Yes,Yes,Yes,Change to public benefits,2025-Q4,1100.0,2000
SLCM_1510,2,2,No,0.0,No income,Unemployed but want to find work,No,I don't know,Yes,Have to pay other debt,2026-Q3,1250.0,1300
SLCM_1511,0,0,No,0.0,"Food benefits - TANF/SNAP, No income",Unemployed but want to find work,No,Yes,Yes,Lost a job/had hours cut,2026-Q1,850.0,2400
SLCM_1512,1,0,No,896.0,Social Security - SSI/SSDI,Unemployed but want to find work,Yes,I don't know,No,Rent increase,2026-Q2,437.0,437
SLCM_1513,1,1,No,994.0,"Social Security - SSI/SSDI, Food benefits - TANF/SNAP, No income",Unemployed but want to find work,No,Yes,No,Withheld rent because of problems with my housing,2026-Q3,750.0,700
SLCM_1514,2,1,No,0.0,"No income, Other","Employed, but need more hours and/or different work",No,Yes,Yes,Lost a job/had hours cut,2026-Q1,1085.0,4000
SLCM_1515,1,0,No,120.0,"Part-time employment, Food benefits - TANF/SNAP, No income",Unemployed but want to find work,No,I don't know,No,Lost a job/had hours cut,2025-Q4,600.0,500
SLCM_1516,1,0,No,0.0,No income,Other,No,Yes,Yes,Lost a job/had hours cut,2026-Q3,1350.0,4000
SLCM_1517,1,1,No,0.0,No income,Unemployed and not looking for work,No,I don't know,Yes,Lost a job/had hours cut,2026-Q1,1050.0,5700
SLCM_1518,2,0,No,0.0,No income,Unemployed but want to find work,No,I don't know,Yes,Lost a job/had hours cut,2025-Q1,1288.0,1489
SLCM_1519,2,0,No,900.0,"Part-time employment, Food benefits - TANF/SNAP, Other","Employed, but need more hours and/or different work",No,Yes,Yes,Lost a job/had hours cut,2025-Q4,650.0,2700
SLCM_1520,1,0,No,800.0,"Part-time employment, Food benefits - TANF/SNAP, Other",Employed,No,I don't know,I don't know,Lost a job/had hours cut,2026-Q3,1150.0,2250
SLCM_1521,1,0,No,0.0,No income,Unemployed but want to find work,Yes,Yes,No,Lost a job/had hours cut,2026-Q3,1150.0,668
SLCM_1522,1,1,No,0.0,Food benefits - TANF/SNAP,Unemployed but want to find work,No,Yes,No,Lost a job/had hours cut,2026-Q1,917.0,2700
SLCM_1523,2,0,No,967.0,Social Security - SSI/SSDI,Unemployed but want to find work,No,Yes,Yes,Unexpected expense,2025-Q4,680.0,14680
SLCM_1524,1,0,No,0.0,No income,Unemployed but want to find work,No,Yes,No,Lost a job/had hours cut,2025-Q1,799.0,2482.2
SLCM_1525,1,1,No,0.0,"Food benefits - TANF/SNAP, No income",Unemployed but want to find work,No,Yes,Yes,Withheld rent because of problems with my housing,2026-Q3,1200.0,4800
SLCM_1526,1,3,No,1000.0,Part-time employment,Employed,Yes,Yes,I don't know,Lost a job/had hours cut,2025-Q2,307.0,857
SLCM_1527,1,0,No,2000.0,Full-time employment,"Employed, but need more hours and/or different work",No,Yes,No,Lost a job/had hours cut,2026-Q2,875.0,2100
SLCM_1528,2,4,No,996.0,"Social Security - SSI/SSDI, Food benefits - TANF/SNAP",Unemployed but want to find work,Yes,Yes,Yes,Lost a job/had hours cut,2026-Q2,1200.0,700
SLCM_1529,3,0,No,0.0,No income,Unemployed but want to find work,No,I don't know,I don't know,Lost a job/had hours cut,2026-Q1,1100.0,2200
SLCM_1530,1,0,No,0.0,No income,Unemployed and not looking for work,I don't know,Yes,No,Other,2026-Q3,0.0,1000
SLCM_1531,0,0,No,1100.0,Social Security - SSI/SSDI,Unemployed but want to find work,No,Yes,No,,2026-Q3,710.0,710
SLCM_1532,2,3,No,2350.0,Full-time employment,Employed,No,Yes,Yes,Lost a job/had hours cut,2026-Q1,1250.0,3000
SLCM_1533,1,1,No,2000.0,Full-time employment,"Employed, but need more hours and/or different work",No,I don't know,No,Lost a job/had hours cut,2026-Q1,850.0,900
SLCM_1534,1,1,No,949.0,Social Security - SSI/SSDI,Unemployed but want to find work,No,Yes,Yes,Lost a job/had hours cut,2025-Q1,1000.0,8000
SLCM_1535,1,2,No,3000.0,Full-time employment,Employed,No,Yes,No,Unexpected expense,2026-Q2,1800.0,3600
SLCM_1536,1,0,No,3200.0,"Full-time employment, Part-time employment",Employed,No,I don't know,No,Lost a job/had hours cut,2026-Q2,1200.0,0
SLCM_1537,2,0,No,3300.0,"Full-time employment, Unemployment benefits",Unemployed but want to find work,No,Yes,No,Lost a job/had hours cut,2025-Q4,949.0,2140
SLCM_1538,1,0,No,2500.0,"Part-time employment, Food benefits - TANF/SNAP","Employed, but need more hours and/or different work",No,Yes,Yes,Lost a job/had hours cut,2026-Q1,1090.0,3408
SLCM_1539,1,1,No,3500.0,Full-time employment,Employed,No,I don't know,No,Rent increase,2025-Q2,1201.0,3547
SLCM_1540,2,0,No,0.0,No income,Other,No,Yes,Yes,Rent increase,2026-Q2,620.0,660
SLCM_1541,1,0,No,0.0,No income,"Employed, but need more hours and/or different work",No,Yes,No,Lost a job/had hours cut,2025-Q3,1090.0,3500
SLCM_1542,1,0,No,871.0,"Social Security - SSI/SSDI, Food benefits - TANF/SNAP",Unemployed but want to find work,No,Yes,Yes,Lost a job/had hours cut,2025-Q2,950.0,4000
SLCM_1543,1,5,No,3500.0,"Full-time employment, Food benefits - TANF/SNAP",Employed,No,Yes,Yes,Lost a job/had hours cut,2025-Q3,1100.0,2000
SLCM_1544,2,3,No,400.0,"No income, Other",Unemployed but want to find work,No,Yes,No,Lost a job/had hours cut,2026-Q3,950.0,3990
SLCM_1545,1,4,No,693.0,"Social Security - SSI/SSDI, Food benefits - TANF/SNAP",Other,Yes,Yes,No,Rent increase,2026-Q1,300.0,1110
SLCM_1546,1,0,No,,Full-time employment,Employed,No,Yes,I don't know,Lost a job/had hours cut,2025-Q1,899.0,4000
SLCM_1547,1,0,No,0.0,"Food benefits - TANF/SNAP, No income",Unemployed but want to find work,No,Yes,No,Other,2025-Q3,150.0,850
SLCM_1548,3,2,No,1393.0,"Social Security - SSI/SSDI, Other",Unemployed but want to find work,No,I don't know,No,Other,2025-Q3,895.0,950
SLCM_1549,1,2,No,2800.0,Full-time employment,Employed,Yes,Yes,No,Withheld rent because of problems with my housing,2026-Q3,781.0,1942.6
SLCM_1550,1,1,No,800.0,Part-time employment,"Employed, but need more hours and/or different work",No,Yes,Yes,Lost a job/had hours cut,2025-Q3,1048.0,3000
SLCM_1551,1,3,No,1800.0,"Social Security - SSI/SSDI, Food benefits - TANF/SNAP, Other",Other,No,Yes,Yes,Other,2025-Q2,1450.0,10000
SLCM_1552,2,2,No,0.0,Food benefits - TANF/SNAP,Other,No,Yes,Yes,Other,2025-Q2,1500.0,3190
SLCM_1553,1,0,No,638.0,Social Security - SSI/SSDI,Other,No,Yes,No,Unexpected expense,2025-Q1,1189.0,845
SLCM_1554,1,0,Yes,2300.0,Social Security - SSI/SSDI,Other,No,Yes,No,Have to pay other debt,2025-Q3,1186.0,1186
SLCM_1555,1,1,No,,No income,Unemployed but want to find work,No,Yes,No,Lost a job/had hours cut,2025-Q2,650.0,690
SLCM_1556,1,1,No,450.0,Child support,Unemployed but want to find work,Yes,I don't know,No,Other,2025-Q4,250.0,283
SLCM_1557,2,0,Yes,2214.0,"Part-time employment, Social Security - SSI/SSDI","Employed, but need more hours and/or different work",No,I don't know,No,Unexpected expense,2025-Q2,775.0,1550
SLCM_1558,1,0,No,1740.0,Part-time employment,"Employed, but need more hours and/or different work",No,Yes,Yes,Lost a job/had hours cut,2026-Q2,1136.0,4526
SLCM_1559,1,2,No,1400.0,Part-time employment,Employed,Yes,Yes,No,Unexpected expense,2024-Q4,871.0,1100
SLCM_1560,5,3,No,3200.0,"Unemployment benefits, Social Security - SSI/SSDI",Unemployed but want to find work,No,Yes,Yes,Lost a job/had hours cut,2026-Q2,1476.0,2088
SLCM_1561,1,0,No,,No income,Unemployed but want to find work,No,Yes,Yes,Lost a job/had hours cut,2025-Q1,925.0,1600
SLCM_1562,1,2,No,2200.0,Full-time employment,Employed,No,Yes,No,Unexpected expense,2026-Q1,1300.0,1000
SLCM_1563,1,3,No,0.0,"Child support, Food benefits - TANF/SNAP, No income",Unemployed but want to find work,Yes,I don't know,No,Change to public benefits,2025-Q2,0.0,1000
SLCM_1564,0,1,No,2400.0,"Full-time employment, Social Security - SSI/SSDI","Employed, but need more hours and/or different work",No,Yes,No,Unexpected expense,2026-Q1,1200.0,3893
SLCM_1565,3,3,No,2000.0,"Part-time employment, No income",Unemployed but want to find work,No,Yes,Yes,Lost a job/had hours cut,2025-Q1,1699.0,7795
SLCM_1566,3,1,No,3500.0,"Full-time employment, Food benefits - TANF/SNAP",Employed,No,Yes,No,Lost a job/had hours cut,2025-Q4,1300.0,4800
SLCM_1567,2,1,No,0.0,No income,Unemployed but want to find work,No,Yes,Yes,Lost a job/had hours cut,2025-Q3,1000.0,2400
SLCM_1568,1,0,No,500.0,Other,Unemployed but want to find work,No,Yes,No,Lost a job/had hours cut,2026-Q3,844.0,930
SLCM_1569,1,3,No,2000.0,Full-time employment,Employed,No,Yes,Yes,Other,2024-Q4,500.0,500
SLCM_1570,2,1,Yes,3500.0,"Full-time employment, Social Security - SSI/SSDI",Employed,No,Yes,Yes,Have to pay other debt,2025-Q1,1350.0,3400
SLCM_1571,1,0,No,1200.0,No income,Unemployed but want to find work,No,Yes,No,Lost a job/had hours cut,2025-Q2,850.0,850
SLCM_1572,1,3,No,0.0,No income,Unemployed but want to find work,Yes,Yes,Yes,Other,2026-Q3,123.0,760
SLCM_1573,1,0,No,4000.0,Social Security - SSI/SSDI,Unemployed but want to find work,No,Yes,No,Other,2026-Q1,700.0,0
SLCM_1574,1,0,No,0.0,Food benefits - TANF/SNAP,Unemployed but want to find work,No,Yes,Yes,Other,2026-Q1,740.0,2062.74
SLCM_1575,3,3,No,3000.0,"Part-time employment, Child support, Social Security - SSI/SSDI, Food benefits - TANF/SNAP",Other,No,I don't know,No,Other,2025-Q2,1125.0,3000
SLCM_1576,1,1,No,0.0,"Food benefits - TANF/SNAP, No income",Employed,No,Yes,No,Lost a job/had hours cut,2025-Q1,0.0,1067
SLCM_1577,3,0,No,1500.0,"Part-time employment, No income, Other",Other,No,I don't know,Yes,Other,2025-Q3,1350.0,3000
SLCM_1578,2,0,No,2400.0,Social Security - SSI/SSDI,Unemployed and not looking for work,No,Yes,Yes,Have to pay other debt,2025-Q1,1600.0,3200
SLCM_1579,1,1,No,0.0,Food benefits - TANF/SNAP,Unemployed but want to find work,Yes,I don't know,No,Withheld rent because of problems with my housing,2026-Q2,1280.0,800
SLCM_1580,1,3,No,2440.0,Part-time employment,"Employed, but need more hours and/or different work",No,Yes,No,Lost a job/had hours cut,2025-Q3,875.0,3368.6
SLCM_1581,2,3,No,2000.0,Part-time employment,"Employed, but need more hours and/or different work",No,Yes,No,Lost a job/had hours cut,2026-Q2,1300.0,2900
SLCM_1582,2,2,No,1934.0,Social Security - SSI/SSDI,Unemployed and not looking for work,No,Yes,Yes,Rent increase,2025-Q3,1800.0,4483.34
SLCM_1583,0,0,No,1262.0,Unemployment benefits,Unemployed but want to find work,No,Yes,No,Lost a job/had hours cut,2026-Q1,904.0,1000
SLCM_1584,2,3,No,2000.0,"Full-time employment, Child support, Social Security - SSI/SSDI, Food benefits - TANF/SNAP","Employed, but need more hours and/or different work",No,Yes,No,Lost a job/had hours cut,2025-Q3,1724.0,1500
SLCM_1585,2,3,No,1000.0,"Part-time employment, Food benefits - TANF/SNAP","Employed, but need more hours and/or different work",No,Yes,No,Other,2026-Q2,700.0,4200
SLCM_1586,2,3,No,2200.0,"Full-time employment, Food benefits - TANF/SNAP",Employed,No,Yes,No,Unexpected expense,2024-Q4,1200.0,2400
SLCM_1587,1,1,No,225.0,Food benefits - TANF/SNAP,Other,No,I don't know,Yes,Other,2025-Q4,950.0,450
SLCM_1588,1,0,No,600.0,"Full-time employment, Part-time employment",Employed,No,Yes,No,Other,2024-Q4,725.0,2175
SLCM_1589,2,0,No,0.0,No income,Unemployed but want to find work,No,Yes,Yes,Lost a job/had hours cut,2026-Q2,1038.75,3567.8
SLCM_1590,1,4,No,1689.0,"Social Security - SSI/SSDI, Food benefits - TANF/SNAP",Unemployed but want to find work,No,I don't know,No,Unexpected expense,2025-Q2,1200.0,1200
SLCM_1591,2,3,No,1200.0,Part-time employment,Employed,No,Yes,Yes,Lost a job/had hours cut,2026-Q1,1200.0,3500
SLCM_1592,1,0,No,800.0,Part-time employment,Employed,No,I don't know,I don't know,Lost a job/had hours cut,2025-Q1,750.0,7000
SLCM_1593,2,1,Yes,3800.0,"Full-time employment, Social Security - SSI/SSDI",Unemployed and not looking for work,No,Yes,Yes,Have to pay other debt,2026-Q2,1440.0,1560
SLCM_1594,1,1,No,1900.0,"Social Security - SSI/SSDI, Food benefits - TANF/SNAP",Other,No,Yes,Yes,Rent increase,2026-Q1,1099.0,1562
SLCM_1595,0,1,No,2500.0,Full-time employment,Employed,No,Yes,No,Rent increase,2024-Q4,1310.0,3400
SLCM_1596,2,0,No,900.0,Social Security - SSI/SSDI,Other,No,Yes,No,Unexpected expense,2025-Q3,700.0,2500
SLCM_1597,1,0,No,2000.0,"Full-time employment, Part-time employment","Employed, but need more hours and/or different work",No,I don't know,No,Lost a job/had hours cut,2026-Q2,1000.0,4000
SLCM_1598,1,0,No,1500.0,Full-time employment,Employed,No,Yes,No,Lost a job/had hours cut,2025-Q1,895.0,3600
SLCM_1599,1,2,No,1500.0,Full-time employment,"Employed, but need more hours and/or different work",Yes,Yes,No,Other,2025-Q4,548.0,1000
SLCM_1600,1,0,No,,Full-time employment,Employed,Yes,Yes,No,Other,2025-Q2,650.0,0
SLCM_1601,0,1,No,,"Child support, Social Security - SSI/SSDI",Other,No,I don't know,Yes,Other,2025-Q1,500.0,2500
SLCM_1602,1,2,No,2000.0,Full-time employment,Employed,No,I don't know,Yes,Unexpected expense,2025-Q2,1250.0,2200
SLCM_1603,1,0,No,1500.0,Full-time employment,"Employed, but need more hours and/or different work",I don't know,Yes,No,Have to pay other debt,2025-Q2,610.0,3525
SLCM_1604,2,2,No,3000.0,Full-time employment,Employed,No,Yes,No,Unexpected expense,2025-Q3,999.0,1000
SLCM_1605,1,2,No,1650.0,Full-time employment,Employed,No,I don't know,No,Lost a job/had hours cut,2026-Q3,1000.0,1000
SLCM_1606,2,0,Yes,0.0,"No income, Other",Other,No,Yes,I don't know,Change to public benefits,2025-Q4,900.0,3600
SLCM_1607,3,2,No,1548.0,Full-time employment,Employed,No,I don't know,Yes,Other,2025-Q3,1250.0,1315
SLCM_1608,1,0,No,0.0,No income,Unemployed but want to find work,No,Yes,No,Lost a job/had hours cut,2025-Q1,245.0,1067
SLCM_1609,1,2,No,1200.0,Other,"Employed, but need more hours and/or different work",Yes,Yes,Yes,Lost a job/had hours cut,2026-Q2,542.0,2000
SLCM_1610,1,2,No,,Full-time employment,"Employed, but need more hours and/or different work",No,I don't know,No,Have to pay other debt,2025-Q1,1400.0,1875
SLCM_1611,2,0,No,0.0,No income,Unemployed but want to find work,No,Yes,Yes,Lost a job/had hours cut,2025-Q3,1095.0,1185
SLCM_1612,2,2,No,0.0,No income,Unemployed but want to find work,No,I don't know,Yes,Lost a job/had hours cut,2026-Q3,1889.0,2047
SLCM_1613,1,1,No,450.0,Food benefits - TANF/SNAP,Unemployed but want to find work,No,Yes,Yes,Other,2024-Q4,1075.0,2200
SLCM_1614,3,2,No,994.0,"Child support, Social Security - SSI/SSDI, Food benefits - TANF/SNAP",Unemployed but want to find work,Yes,Yes,No,Other,2026-Q2,260.0,0
SLCM_1615,1,0,Yes,1800.0,Social Security - SSI/SSDI,Other,No,Yes,I don't know,Unexpected expense,2025-Q1,889.0,950
SLCM_1616,0,0,No,1600.0,Full-time employment,Employed,No,Yes,No,Unexpected expense,2024-Q4,1350.0,5000
SLCM_1617,0,1,No,,Full-time employment,Employed,No,I don't know,No,Lost a job/had hours cut,2025-Q1,526.0,1100
SLCM_1618,1,0,No,1000.0,Social Security - SSI/SSDI,Other,No,I don't know,No,Unexpected expense,2025-Q1,263.0,2000
SLCM_1619,0,0,No,2000.0,Full-time employment,Employed,No,Yes,No,Other,2024-Q4,1050.0,3000
SLCM_1620,1,0,No,0.0,Food benefits - TANF/SNAP,Unemployed and not looking for work,No,Yes,Yes,Lost a job/had hours cut,2025-Q2,1000.0,1000
SLCM_1621,1,0,No,1208.0,Social Security - SSI/SSDI,Other,No,I don't know,Yes,Unexpected expense,2025-Q1,800.0,2600
SLCM_1622,1,0,No,900.0,Part-time employment,"Employed, but need more hours and/or different work",No,I don't know,No,Lost a job/had hours cut,2026-Q1,575.0,2255
SLCM_1623,1,4,No,2185.0,"Social Security - SSI/SSDI, Food benefits - TANF/SNAP",Other,No,Yes,No,Other,2025-Q2,1848.0,4366.21
SLCM_1624,2,0,No,3416.0,"Social Security - SSI/SSDI, Food benefits - TANF/SNAP",Other,No,I don't know,No,Change to public benefits,2026-Q1,1222.0,0
SLCM_1625,1,5,No,1200.0,Full-time employment,"Employed, but need more hours and/or different work",No,Yes,Yes,Other,2024-Q4,1200.0,0
SLCM_1626,1,3,No,3700.0,Full-time employment,Employed,No,Yes,No,Lost a job/had hours cut,2026-Q1,1349.0,4047
SLCM_1627,3,2,No,2600.0,"Full-time employment, Social Security - SSI/SSDI",Employed,No,Yes,No,Lost a job/had hours cut,2026-Q2,1154.0,2495
SLCM_1628,1,1,No,825.0,"Social Security - SSI/SSDI, Food benefits - TANF/SNAP",Other,No,Yes,Yes,Change to public benefits,2026-Q2,119.0,670
SLCM_1629,2,2,No,1000.0,"Food benefits - TANF/SNAP, No income",Unemployed but want to find work,No,Yes,Yes,Lost a job/had hours cut,2025-Q1,1600.0,3469
SLCM_1630,1,0,No,0.0,No income,Unemployed but want to find work,No,Yes,No,Lost a job/had hours cut,2026-Q2,620.0,2000
SLCM_1631,3,4,No,1700.0,"Part-time employment, Food benefits - TANF/SNAP, Other",Other,No,Yes,No,Rent increase,2025-Q2,1300.0,2600
SLCM_1632,1,1,No,0.0,No income,Unemployed but want to find work,No,Yes,Yes,Lost a job/had hours cut,2025-Q4,400.0,1300
SLCM_1633,1,3,No,1000.0,"Social Security - SSI/SSDI, Food benefits - TANF/SNAP",Other,No,Yes,Yes,Unexpected expense,2026-Q2,943.0,2446
SLCM_1634,1,1,No,1009.0,Full-time employment,Employed,No,I don't know,No,Lost a job/had hours cut,2025-Q1,950.0,1800
SLCM_1635,1,1,No,2000.0,Part-time employment,"Employed, but need more hours and/or different work",No,Yes,No,Lost a job/had hours cut,2025-Q3,900.0,2400
SLCM_1636,2,0,No,2760.0,Full-time employment,Employed,No,Yes,No,Have to pay other debt,2026-Q1,1100.0,3500
SLCM_1637,1,2,No,1450.0,"Part-time employment, Food benefits - TANF/SNAP","Employed, but need more hours and/or different work",No,Yes,Yes,Lost a job/had hours cut,2025-Q2,1650.0,5600
SLCM_1638,2,1,No,1031.0,Part-time employment,Unemployed but want to find work,No,Yes,,Lost a job/had hours cut,2024-Q4,1031.0,1708
SLCM_1639,1,0,No,0.0,No income,Unemployed but want to find work,No,Yes,No,Lost a job/had hours cut,2026-Q3,1150.0,2000
SLCM_1640,2,0,No,1000.0,"Social Security - SSI/SSDI, Other",Unemployed but want to find work,No,Yes,No,Lost a job/had hours cut,2025-Q4,1094.0,3522
SLCM_1641,2,1,No,0.0,No income,Unemployed but want to find work,No,I don't know,Yes,Change to public benefits,2026-Q1,1025.0,1025
SLCM_1642,1,3,No,3020.0,"Part-time employment, No income",Unemployed but want to find work,No,I don't know,No,Lost a job/had hours cut,2026-Q3,2000.0,2000
SLCM_1643,2,0,No,0.0,No income,Unemployed but want to find work,No,Yes,No,Other,2025-Q1,1500.0,1200
SLCM_1644,1,0,No,1500.0,"Part-time employment, Social Security - SSI/SSDI, Food benefits - TANF/SNAP","Employed, but need more hours and/or different work",No,Yes,No,Lost a job/had hours cut,2025-Q2,1050.0,1450
SLCM_1645,0,2,No,4886.0,Full-time employment,Employed,No,Yes,Yes,Have to pay other debt,2026-Q1,1497.0,1889
SLCM_1646,1,0,No,13.0,Part-time employment,Employed,Yes,Yes,Yes,Lost a job/had hours cut,2026-Q2,215.0,1000
SLCM_1647,2,0,Yes,3000.0,Social Security - SSI/SSDI,Other,No,Yes,No,Other,2025-Q1,1272.0,2300
SLCM_1648,2,3,No,9675.81,Part-time employment,"Employed, but need more hours and/or different work",No,Yes,Yes,Have to pay other debt,2024-Q4,705.0,1410
SLCM_1649,1,3,No,,"Social Security - SSI/SSDI, Food benefits - TANF/SNAP",Other,No,Yes,No,Other,2025-Q1,975.0,975
SLCM_1650,1,0,No,900.0,Part-time employment,"Employed, but need more hours and/or different work",No,Yes,Yes,Lost a job/had hours cut,2026-Q1,944.0,3480
SLCM_1651,1,4,No,2000.0,"Social Security - SSI/SSDI, Food benefits - TANF/SNAP",Unemployed but want to find work,No,Yes,Yes,Other,2025-Q1,1200.0,2400
SLCM_1652,1,0,No,600.0,Child support,Unemployed but want to find work,No,Yes,Yes,Change to public benefits,2025-Q1,975.0,1025
SLCM_1653,1,2,No,900.0,"Unemployment benefits, No income",Unemployed but want to find work,No,Yes,Yes,Lost a job/had hours cut,2025-Q3,695.0,800
SLCM_1654,3,2,No,3700.0,Full-time employment,Employed,No,Yes,Yes,Other,2025-Q4,2050.0,2050
SLCM_1655,1,0,No,967.0,Social Security - SSI/SSDI,Unemployed and not looking for work,Yes,Yes,Yes,Rent increase,2025-Q1,139.0,1400
SLCM_1656,1,3,No,3000.0,Full-time employment,Employed,No,I don't know,I don't know,Withheld rent because of problems with my housing,2025-Q4,1600.0,1200
SLCM_1657,1,2,No,2000.0,Full-time employment,Employed,No,Yes,No,Unexpected expense,2025-Q3,1956.0,2031
SLCM_1658,2,0,No,900.0,Social Security - SSI/SSDI,Other,No,Yes,No,Unexpected expense,2025-Q3,750.0,2500
SLCM_1659,2,3,No,3544.0,"Full-time employment, Social Security - SSI/SSDI, Food benefits - TANF/SNAP",Unemployed but want to find work,No,I don't know,Yes,Change to public benefits,2026-Q2,1230.0,1260
SLCM_1660,0,0,Yes,968.0,"Social Security - SSI/SSDI, Food benefits - TANF/SNAP",Other,No,Yes,No,Unexpected expense,2026-Q1,64.0,2406
SLCM_1661,1,0,No,0.0,"Unemployment benefits, Food benefits - TANF/SNAP, No income",Unemployed but want to find work,No,Yes,Yes,Lost a job/had hours cut,2025-Q1,1410.0,2820
SLCM_1662,0,4,No,0.0,Food benefits - TANF/SNAP,Unemployed but want to find work,No,Yes,No,Lost a job/had hours cut,2025-Q1,12.0,1593
SLCM_1663,1,1,No,300.0,"Child support, Food benefits - TANF/SNAP",Unemployed but want to find work,No,I don't know,No,Lost a job/had hours cut,2026-Q2,720.0,540
SLCM_1664,1,0,No,967.0,"Social Security - SSI/SSDI, Food benefits - TANF/SNAP",Other,No,I don't know,Yes,Lost a job/had hours cut,2025-Q1,1050.0,2000
SLCM_1665,1,0,No,0.0,No income,Unemployed and not looking for work,No,I don't know,Yes,Lost a job/had hours cut,2025-Q1,1050.0,0
SLCM_1666,1,2,No,0.0,Other,Other,No,I don't know,Yes,Other,2026-Q3,7.0,1
SLCM_1667,2,0,No,950.0,Social Security - SSI/SSDI,Unemployed and not looking for work,No,Yes,No,Other,2025-Q2,750.0,1100
SLCM_1668,2,1,No,3500.0,"Full-time employment, Social Security - SSI/SSDI, Food benefits - TANF/SNAP",Employed,No,Yes,No,Withheld rent because of problems with my housing,2025-Q4,1350.0,7000
SLCM_1669,0,0,No,1600.0,Full-time employment,Unemployed but want to find work,I don't know,Yes,No,Lost a job/had hours cut,2025-Q2,599.0,1300
SLCM_1670,1,3,No,2300.0,"Full-time employment, Food benefits - TANF/SNAP",Employed,No,Yes,No,Have to pay other debt,2025-Q2,1490.0,6805
SLCM_1671,1,4,No,300.0,"Child support, Food benefits - TANF/SNAP","Employed, but need more hours and/or different work",Yes,I don't know,No,Unexpected expense,2025-Q1,219.0,534
SLCM_1672,1,2,No,2100.0,Full-time employment,Employed,No,I don't know,I don't know,Other,2026-Q1,1500.0,1875
SLCM_1673,3,2,No,1200.0,"Child support, Social Security - SSI/SSDI",Unemployed and not looking for work,No,Yes,No,Unexpected expense,2026-Q2,1300.0,1200
SLCM_1674,1,0,No,,No income,Unemployed and not looking for work,No,I don't know,No,Other,2025-Q2,1000.0,1000
SLCM_1675,3,0,No,3400.0,Full-time employment,Employed,No,Yes,No,Unexpected expense,2025-Q1,650.0,650
SLCM_1676,1,4,No,524.0,"Food benefits - TANF/SNAP, No income",Unemployed but want to find work,No,Yes,Yes,Lost a job/had hours cut,2025-Q1,875.0,1920
SLCM_1677,2,1,No,1993.33,"Full-time employment, Other",Employed,No,Yes,No,Change to public benefits,2026-Q2,1045.0,18015.15
SLCM_1678,3,1,No,3200.0,"Full-time employment, Social Security - SSI/SSDI",Employed,Yes,Yes,No,Other,2025-Q4,969.0,3600
SLCM_1679,1,0,Yes,1099.0,Social Security - SSI/SSDI,Unemployed and not looking for work,Yes,Yes,No,Other,2025-Q4,700.0,700
SLCM_1680,1,0,No,3600.0,Full-time employment,Employed,No,Yes,Yes,Lost a job/had hours cut,2025-Q3,0.0,3100
SLCM_1681,1,2,No,0.0,"Food benefits - TANF/SNAP, No income",Unemployed but want to find work,No,Yes,No,Lost a job/had hours cut,2026-Q2,925.0,2910
SLCM_1682,3,1,No,3000.0,Full-time employment,Employed,No,Yes,No,Other,2024-Q4,1049.0,3150
SLCM_1683,1,0,No,0.0,No income,Unemployed but want to find work,No,Yes,Yes,Lost a job/had hours cut,2026-Q1,1283.0,5149
SLCM_1684,1,3,No,318.0,Food benefits - TANF/SNAP,Unemployed but want to find work,I don't know,I don't know,Yes,Other,2025-Q3,200.0,200
SLCM_1685,2,1,No,800.0,"Full-time employment, Food benefits - TANF/SNAP",Other,No,Yes,No,Lost a job/had hours cut,2025-Q1,1300.0,4600
SLCM_1686,0,0,No,1600.0,"Part-time employment, Other",Employed,No,Yes,I don't know,Lost a job/had hours cut,2026-Q2,1390.0,5170
SLCM_1687,1,0,No,2100.0,Part-time employment,Employed,No,Yes,No,Lost a job/had hours cut,2026-Q2,900.0,1165
SLCM_1688,1,2,No,1044.0,"Child support, Social Security - SSI/SSDI, Food benefits - TANF/SNAP",Unemployed but want to find work,No,Yes,Yes,Lost a job/had hours cut,2025-Q3,1050.0,2100
SLCM_1689,2,2,No,3500.0,Full-time employment,Employed,No,I don't know,No,Withheld rent because of problems with my housing,2024-Q4,1200.0,2700
SLCM_1690,1,0,No,0.0,"Food benefits - TANF/SNAP, No income",Unemployed but want to find work,No,I don't know,No,Lost a job/had hours cut,2024-Q4,750.0,750
SLCM_1691,1,2,No,1164.0,Social Security - SSI/SSDI,Unemployed but want to find work,No,Yes,Yes,Withheld rent because of problems with my housing,2026-Q1,800.0,2400
SLCM_1692,2,3,No,2300.0,Social Security - SSI/SSDI,Unemployed but want to find work,No,Yes,Yes,Lost a job/had hours cut,2025-Q4,1675.0,2300
SLCM_1693,2,2,No,1400.0,Full-time employment,Employed,No,Yes,No,Other,2025-Q2,1200.0,1325
SLCM_1694,1,1,No,1300.0,Child support,Unemployed but want to find work,No,I don't know,No,Lost a job/had hours cut,2025-Q4,4300.0,4300
SLCM_1695,0,2,No,2500.0,Full-time employment,Employed,No,Yes,No,Lost a job/had hours cut,2025-Q2,1244.0,5969
SLCM_1696,0,0,No,0.0,No income,Other,No,Yes,No,Other,2025-Q1,650.0,750
SLCM_1697,2,2,No,2500.0,"Full-time employment, Food benefits - TANF/SNAP",Unemployed but want to find work,No,Yes,No,Withheld rent because of problems with my housing,2026-Q1,400.0,800
SLCM_1698,2,1,No,1000.0,Full-time employment,"Employed, but need more hours and/or different work",No,Yes,No,Unexpected expense,2026-Q3,772.0,2000
SLCM_1699,2,0,No,3200.0,"Full-time employment, Part-time employment, No income",Employed,No,Yes,Yes,Lost a job/had hours cut,2024-Q4,865.0,3305
SLCM_1700,3,2,No,1920.0,"Full-time employment, Food benefits - TANF/SNAP",Unemployed but want to find work,No,Yes,No,Other,2025-Q1,1105.0,5243
SLCM_1701,2,1,No,900.0,"Part-time employment, No income",Unemployed but want to find work,No,Yes,Yes,Withheld rent because of problems with my housing,2026-Q2,925.0,2000
SLCM_1702,2,1,No,1200.0,Part-time employment,"Employed, but need more hours and/or different work",No,I don't know,Yes,Lost a job/had hours cut,2026-Q3,1150.0,1150
SLCM_1703,6,0,No,0.0,Other,Unemployed but want to find work,No,I don't know,No,Lost a job/had hours cut,2026-Q1,0.0,0
SLCM_1704,1,1,No,,No income,Unemployed but want to find work,No,Yes,Yes,Lost a job/had hours cut,2025-Q1,2.0,1600
SLCM_1705,1,0,No,1900.0,Part-time employment,"Employed, but need more hours and/or different work",Yes,Yes,Yes,Lost a job/had hours cut,2025-Q1,860.0,764
SLCM_1706,2,0,No,0.0,No income,Other,No,Yes,No,Lost a job/had hours cut,2026-Q2,1375.0,2800
SLCM_1707,2,4,No,3360.0,"Full-time employment, Food benefits - TANF/SNAP, No income",Unemployed and not looking for work,No,Yes,No,Lost a job/had hours cut,2025-Q4,1250.0,1762
SLCM_1708,6,6,No,0.0,No income,Unemployed but want to find work,Yes,Yes,No,Lost a job/had hours cut,2026-Q1,1225.0,1125
SLCM_1709,1,2,No,2100.0,Full-time employment,Employed,Yes,I don't know,Yes,Have to pay other debt,2026-Q3,470.0,170
SLCM_1710,2,3,No,0.0,"Child support, Other",Unemployed but want to find work,Yes,I don't know,Yes,Lost a job/had hours cut,2025-Q2,0.0,1709
SLCM_1711,1,1,No,2400.0,Full-time employment,Employed,No,I don't know,Yes,Unexpected expense,2025-Q1,950.0,3050
SLCM_1712,1,1,No,0.0,No income,Unemployed but want to find work,No,I don't know,No,Lost a job/had hours cut,2026-Q2,900.0,1300
SLCM_1713,1,0,No,1000.0,Full-time employment,"Employed, but need more hours and/or different work",No,Yes,Yes,Lost a job/had hours cut,2025-Q4,850.0,1520
SLCM_1714,0,0,No,0.0,No income,Unemployed but want to find work,No,Yes,Yes,Unexpected expense,2026-Q1,700.0,1200
SLCM_1715,0,0,No,0.0,No income,Unemployed and not looking for work,No,I don't know,No,Lost a job/had hours cut,2025-Q1,0.0,0
SLCM_1716,3,0,No,800.0,Social Security - SSI/SSDI,"Employed, but need more hours and/or different work",No,Yes,Yes,Lost a job/had hours cut,2026-Q2,1329.0,3987
SLCM_1717,4,2,Yes,1000.0,"Social Security - SSI/SSDI, Food benefits - TANF/SNAP",Other,No,I don't know,No,Withheld rent because of problems with my housing,2025-Q1,1000.0,1300
SLCM_1718,2,1,No,0.0,"Food benefits - TANF/SNAP, No income",Unemployed but want to find work,No,I don't know,Yes,Lost a job/had hours cut,2025-Q3,1200.0,1500
SLCM_1719,3,5,No,0.0,"Food benefits - TANF/SNAP, No income, Other",Other,No,I don't know,Yes,Other,2026-Q2,1545.0,3399
SLCM_1720,1,1,No,0.0,No income,Unemployed but want to find work,Yes,Yes,No,Lost a job/had hours cut,2025-Q2,241.0,2461
SLCM_1721,1,0,No,650.0,No income,Unemployed but want to find work,No,Yes,Yes,Lost a job/had hours cut,2025-Q4,650.0,1736
SLCM_1722,1,0,Yes,644.0,Social Security - SSI/SSDI,Unemployed but want to find work,No,Yes,No,Other,2026-Q1,800.0,1600
SLCM_1723,1,1,No,3000.0,Full-time employment,Employed,Yes,I don't know,No,Unexpected expense,2025-Q1,554.0,186
SLCM_1724,2,0,No,943.0,"Social Security - SSI/SSDI, Food benefits - TANF/SNAP",Other,No,Yes,Yes,Other,2024-Q4,590.0,2523.51
SLCM_1725,1,2,No,2892.0,"Full-time employment, Food benefits - TANF/SNAP",Employed,Yes,Yes,No,Unexpected expense,2026-Q3,830.0,1760
SLCM_1726,1,2,No,1800.0,Full-time employment,Employed,No,I don't know,No,Unexpected expense,2025-Q4,1200.0,1200
SLCM_1727,1,0,No,0.0,No income,Unemployed but want to find work,No,Yes,No,Other,2026-Q2,750.0,500
SLCM_1728,1,0,No,400.0,Other,Other,No,I don't know,No,Other,2025-Q4,800.0,800
SLCM_1729,2,0,No,0.0,No income,Unemployed but want to find work,No,Yes,No,Lost a job/had hours cut,2026-Q2,1200.0,1200
SLCM_1730,1,3,No,4700.0,Full-time employment,Employed,No,Yes,No,Other,2025-Q3,995.0,3400
SLCM_1731,1,0,No,1032.0,"Social Security - SSI/SSDI, Food benefits - TANF/SNAP",Other,No,Yes,No,Have to pay other debt,2025-Q1,385.0,1600
SLCM_1732,1,0,No,0.0,No income,Unemployed but want to find work,No,Yes,Yes,Lost a job/had hours cut,2025-Q4,595.0,1700
SLCM_1733,1,0,No,900.0,Other,Unemployed but want to find work,No,I don't know,No,Lost a job/had hours cut,2025-Q2,984.0,1030
SLCM_1734,2,0,No,1500.0,Full-time employment,"Employed, but need more hours and/or different work",No,Yes,No,Other,2026-Q1,725.0,1900
SLCM_1735,1,2,No,1200.0,Full-time employment,"Employed, but need more hours and/or different work",Yes,Yes,No,Other,2025-Q2,548.0,1000
SLCM_1736,4,3,No,2920.0,Full-time employment,Employed,No,I don't know,No,Unexpected expense,2025-Q3,1400.0,1400
SLCM_1737,0,1,No,0.0,Food benefits - TANF/SNAP,Unemployed but want to find work,No,Yes,No,Lost a job/had hours cut,2025-Q3,950.0,3516
SLCM_1738,1,1,No,1000.0,"Child support, Social Security - SSI/SSDI, Food benefits - TANF/SNAP",Other,No,I don't know,No,Lost a job/had hours cut,2025-Q2,1300.0,1432
SLCM_1739,1,0,No,963.0,"Social Security - SSI/SSDI, Food benefits - TANF/SNAP","Employed, but need more hours and/or different work",Yes,Yes,No,Rent increase,2025-Q4,141.0,3422.68
SLCM_1740,6,6,No,1800.0,"Part-time employment, Food benefits - TANF/SNAP","Employed, but need more hours and/or different work",Yes,Yes,No,Lost a job/had hours cut,2025-Q3,1175.0,3650
SLCM_1741,2,0,No,,"Food benefits - TANF/SNAP, No income",Unemployed but want to find work,No,Yes,I don't know,Lost a job/had hours cut,2025-Q2,996.0,3994
SLCM_1742,2,3,No,0.0,"Food benefits - TANF/SNAP, No income",Unemployed but want to find work,No,Yes,No,Lost a job/had hours cut,2025-Q2,1143.0,3000
SLCM_1743,1,4,No,0.0,"Food benefits - TANF/SNAP, No income",Unemployed but want to find work,No,I don't know,Yes,Lost a job/had hours cut,2024-Q4,1250.0,3900
SLCM_1744,2,0,No,600.0,"Part-time employment, Food benefits - TANF/SNAP","Employed, but need more hours and/or different work",No,Yes,No,Rent increase,2025-Q4,400.0,400
SLCM_1745,2,0,No,900.0,Full-time employment,Employed,No,I don't know,No,Other,2026-Q2,873.0,2700
SLCM_1746,1,1,No,0.0,"Food benefits - TANF/SNAP, No income",Unemployed but want to find work,No,Yes,No,Unexpected expense,2026-Q2,500.0,800
SLCM_1747,1,0,No,0.0,"Food benefits - TANF/SNAP, No income",Unemployed but want to find work,No,Yes,Yes,Rent increase,2025-Q2,1800.0,5400
SLCM_1748,1,1,No,1600.0,Part-time employment,Employed,No,I don't know,Yes,Lost a job/had hours cut,2026-Q2,785.0,2400
SLCM_1749,2,0,No,,Part-time employment,Employed,No,Yes,No,Lost a job/had hours cut,2025-Q1,975.0,2100
SLCM_1750,1,0,No,0.0,No income,Unemployed but want to find work,No,Yes,Yes,Lost a job/had hours cut,2024-Q4,1090.0,2200
SLCM_1751,1,0,No,2400.0,Full-time employment,Employed,No,Yes,Yes,Unexpected expense,2025-Q4,930.0,4076
SLCM_1752,0,0,No,0.0,No income,Unemployed but want to find work,No,Yes,Yes,Lost a job/had hours cut,2025-Q3,850.0,1500
SLCM_1753,3,1,No,1920.0,Social Security - SSI/SSDI,Other,Yes,I don't know,Yes,Other,2026-Q2,467.0,1800
SLCM_1754,1,0,No,0.0,No income,Unemployed but want to find work,No,Yes,No,Other,2025-Q1,124.0,1385
